label,hand,x0,y0,z0,x1,y1,z1,x2,y2,z2,x3,y3,z3,x4,y4,z4,x5,y5,z5,x6,y6,z6,x7,y7,z7,x8,y8,z8,x9,y9,z9,x10,y10,z10,x11,y11,z11,x12,y12,z12,x13,y13,z13,x14,y14,z14,x15,y15,z15,x16,y16,z16,x17,y17,z17,x18,y18,z18,x19,y19,z19,x20,y20,z20
hello,Right,0.286783,0.466285,0.0,0.344668,0.48396,-0.011695,0.394691,0.450726,-0.012929,0.429355,0.405387,-0.01514,0.457986,0.370793,-0.017471,0.407101,0.355469,0.003593,0.44843,0.307235,-0.007669,0.473709,0.281594,-0.019123,0.498227,0.260383,-0.027933,0.39353,0.31606,-0.000964,0.438678,0.251565,-0.011331,0.468216,0.218049,-0.023061,0.493589,0.194299,-0.031733,0.37287,0.289935,-0.008785,0.413114,0.219804,-0.021602,0.439615,0.182338,-0.031017,0.462431,0.156957,-0.036647,0.344375,0.274879,-0.018247,0.374585,0.215613,-0.030754,0.396119,0.180267,-0.036854,0.417026,0.151501,-0.040312
hello,Right,0.292296,0.409292,0.0,0.351465,0.439725,-0.009457,0.404942,0.428537,-0.010719,0.443276,0.389858,-0.01341,0.470869,0.357616,-0.01658,0.427953,0.345177,0.002963,0.473498,0.2993,-0.008647,0.496315,0.270902,-0.021024,0.517098,0.246306,-0.030017,0.415578,0.301829,-0.001926,0.46408,0.246337,-0.011558,0.494222,0.2121,-0.024097,0.519274,0.182577,-0.03413,0.396124,0.269245,-0.009551,0.440314,0.211125,-0.019934,0.4674,0.179222,-0.029365,0.490481,0.154446,-0.036212,0.369457,0.24346,-0.018678,0.403524,0.19426,-0.028203,0.424489,0.16548,-0.032869,0.443698,0.139595,-0.036069
hello,Right,0.298912,0.362179,0.0,0.35558,0.400864,-0.009561,0.408785,0.399996,-0.009911,0.451106,0.36822,-0.011608,0.480412,0.337056,-0.013218,0.439814,0.326067,0.011121,0.487965,0.290169,0.001767,0.512753,0.263703,-0.010314,0.534509,0.240635,-0.019292,0.431019,0.283117,0.00723,0.481662,0.23961,-0.00023,0.51282,0.210923,-0.012624,0.537952,0.185352,-0.022474,0.414548,0.248311,2.8e-05,0.461642,0.204176,-0.008942,0.489608,0.180398,-0.018029,0.512584,0.160629,-0.024601,0.390437,0.21719,-0.008829,0.426068,0.181414,-0.017405,0.448389,0.163229,-0.021618,0.469337,0.147111,-0.024484
hello,Right,0.313835,0.329595,0.0,0.362968,0.374976,-0.011481,0.413951,0.385756,-0.012356,0.454646,0.352458,-0.013855,0.48001,0.320311,-0.015271,0.448485,0.324573,0.007946,0.497103,0.294926,-0.00073,0.521592,0.268913,-0.012223,0.543266,0.2471,-0.021077,0.442807,0.279408,0.005616,0.493941,0.244732,-0.00082,0.524842,0.221347,-0.01312,0.550785,0.201443,-0.023425,0.428584,0.243706,6.8e-05,0.475061,0.208479,-0.007721,0.502727,0.190257,-0.017776,0.52685,0.175211,-0.02561,0.407055,0.210217,-0.007261,0.442543,0.181633,-0.015278,0.46522,0.168757,-0.020743,0.487339,0.158052,-0.025056
hello,Right,0.325676,0.313145,0.0,0.362663,0.358696,-0.012306,0.410343,0.372908,-0.013941,0.44922,0.348053,-0.015462,0.474763,0.328041,-0.016876,0.452324,0.32431,0.00085,0.498319,0.301596,-0.007579,0.523663,0.281642,-0.01756,0.546924,0.263545,-0.025344,0.448513,0.281891,-0.000746,0.498151,0.25571,-0.007196,0.528143,0.236727,-0.017319,0.553584,0.219818,-0.025706,0.436546,0.246676,-0.005015,0.481011,0.219745,-0.012315,0.506847,0.206638,-0.020261,0.529008,0.195208,-0.026312,0.417551,0.213418,-0.011028,0.453814,0.190942,-0.018594,0.475566,0.18217,-0.022938,0.495567,0.175547,-0.026101
hello,Right,0.332809,0.303875,0.0,0.365648,0.347081,-0.013551,0.411211,0.364065,-0.01643,0.449958,0.343259,-0.01906,0.476851,0.321158,-0.021598,0.452204,0.3251,-0.001879,0.498431,0.307068,-0.012306,0.524727,0.290898,-0.022949,0.547541,0.275604,-0.030733,0.450463,0.285031,-0.003113,0.499062,0.26727,-0.01159,0.530436,0.251674,-0.022116,0.555885,0.236071,-0.030325,0.440248,0.250737,-0.007121,0.484417,0.231944,-0.015948,0.511651,0.221161,-0.024345,0.534649,0.210722,-0.030536,0.422594,0.217646,-0.012881,0.456051,0.200562,-0.021354,0.477211,0.189783,-0.026141,0.497302,0.178851,-0.02961
hello,Right,0.33776,0.298667,0.0,0.367096,0.342432,-0.015114,0.411425,0.361717,-0.01899,0.45146,0.344958,-0.022123,0.480131,0.32592,-0.024836,0.452771,0.32745,-0.003242,0.497756,0.315264,-0.013799,0.524161,0.301001,-0.024231,0.546827,0.286659,-0.031747,0.451232,0.288089,-0.003479,0.498878,0.274889,-0.011796,0.530258,0.262077,-0.021364,0.556153,0.248949,-0.028693,0.441593,0.253885,-0.006642,0.48514,0.240863,-0.015033,0.512041,0.233938,-0.022434,0.535059,0.22709,-0.027693,0.424785,0.219763,-0.011707,0.458737,0.203811,-0.020176,0.481361,0.195078,-0.024929,0.503091,0.187522,-0.028074
hello,Right,0.336397,0.305058,0.0,0.367323,0.349367,-0.013352,0.410688,0.368777,-0.016392,0.449629,0.354146,-0.019099,0.475154,0.327955,-0.021784,0.451255,0.330406,-0.000752,0.495083,0.319186,-0.009851,0.521511,0.307587,-0.019693,0.544957,0.294769,-0.027303,0.450232,0.29357,-0.002249,0.497393,0.281754,-0.009625,0.528129,0.270634,-0.019301,0.553926,0.258053,-0.026831,0.440566,0.260562,-0.006455,0.484753,0.247442,-0.014781,0.511129,0.240544,-0.0227,0.53402,0.233499,-0.028354,0.422969,0.226326,-0.012372,0.456853,0.21085,-0.021015,0.479484,0.204252,-0.025979,0.501354,0.199282,-0.029409
hello,Right,0.33826,0.311286,0.0,0.369134,0.357331,-0.012228,0.413633,0.373698,-0.014372,0.45199,0.358074,-0.016391,0.479615,0.341073,-0.018395,0.452752,0.339501,-1.5e-05,0.496435,0.326468,-0.008631,0.522159,0.315216,-0.017797,0.54417,0.304872,-0.024802,0.451038,0.300276,-0.001586,0.497732,0.287014,-0.008658,0.527546,0.276457,-0.018009,0.552297,0.265697,-0.025285,0.441004,0.266103,-0.005803,0.484619,0.252056,-0.013923,0.510693,0.24613,-0.021821,0.533886,0.240742,-0.027502,0.423851,0.232104,-0.011583,0.457692,0.21948,-0.020005,0.479285,0.215034,-0.025075,0.501014,0.212537,-0.028675
hello,Right,0.333216,0.312371,0.0,0.368529,0.358376,-0.012447,0.413406,0.374252,-0.014287,0.452981,0.356265,-0.016267,0.482101,0.341121,-0.01801,0.450763,0.336524,0.002983,0.494579,0.325145,-0.005482,0.520164,0.312777,-0.014907,0.54337,0.301078,-0.02226,0.449073,0.29785,0.001251,0.496576,0.286354,-0.005639,0.526722,0.27538,-0.015489,0.552218,0.263492,-0.023337,0.439158,0.264275,-0.003443,0.482397,0.250172,-0.011476,0.507676,0.244057,-0.019429,0.530449,0.238407,-0.025272,0.421801,0.230466,-0.009873,0.454956,0.217048,-0.018171,0.476026,0.212388,-0.023163,0.497294,0.209624,-0.026805
hello,Right,0.333594,0.30327,0.0,0.36827,0.350348,-0.011365,0.4138,0.367152,-0.012992,0.4539,0.348408,-0.014738,0.481223,0.328569,-0.016286,0.448482,0.33016,0.002487,0.492565,0.320159,-0.005882,0.518234,0.308447,-0.014935,0.540942,0.298456,-0.021952,0.447014,0.291983,0.000662,0.494433,0.280293,-0.006016,0.5243,0.26961,-0.01536,0.549117,0.258651,-0.022896,0.437621,0.258841,-0.003856,0.480466,0.243816,-0.011189,0.505263,0.237149,-0.018235,0.526998,0.231351,-0.02359,0.421223,0.225551,-0.010008,0.453917,0.211635,-0.017117,0.474653,0.207199,-0.021322,0.495092,0.204599,-0.024591
hello,Right,0.333181,0.302184,0.0,0.367778,0.348343,-0.011202,0.414367,0.365221,-0.012482,0.453529,0.346194,-0.013741,0.479563,0.32301,-0.014871,0.448414,0.329208,0.002491,0.492457,0.319727,-0.00486,0.518505,0.309,-0.013281,0.541179,0.29928,-0.019866,0.447393,0.289948,0.00097,0.494811,0.278826,-0.004298,0.524501,0.269363,-0.012701,0.548339,0.258713,-0.019626,0.438165,0.255875,-0.003146,0.481423,0.242876,-0.009116,0.50652,0.237545,-0.015963,0.527772,0.232088,-0.021316,0.421984,0.221795,-0.008873,0.454916,0.208812,-0.015075,0.475932,0.204411,-0.019032,0.496187,0.201195,-0.02217
hello,Right,0.333263,0.304118,0.0,0.368443,0.35003,-0.011269,0.413884,0.366627,-0.012622,0.453103,0.346201,-0.014139,0.479931,0.324979,-0.01558,0.449233,0.32936,0.003633,0.492839,0.317757,-0.004276,0.518601,0.306108,-0.013316,0.541352,0.296221,-0.020376,0.447514,0.290338,0.001762,0.494322,0.277831,-0.004699,0.52439,0.267382,-0.014449,0.549446,0.256838,-0.02221,0.437953,0.256605,-0.002826,0.480975,0.24195,-0.010296,0.506305,0.235463,-0.018134,0.528884,0.229914,-0.023944,0.42144,0.222453,-0.008992,0.454744,0.209519,-0.016394,0.475547,0.205219,-0.02093,0.496363,0.203055,-0.024364
hello,Right,0.334559,0.301469,0.0,0.368799,0.348039,-0.010904,0.414769,0.365256,-0.011795,0.453915,0.343615,-0.012938,0.479885,0.321081,-0.01394,0.450132,0.330334,0.003616,0.494394,0.318603,-0.00416,0.519891,0.305797,-0.013032,0.542535,0.29399,-0.020037,0.448986,0.290477,0.001729,0.495736,0.277997,-0.004697,0.525759,0.266445,-0.014229,0.551081,0.254245,-0.021884,0.439599,0.255948,-0.002836,0.482438,0.23982,-0.010079,0.506883,0.232419,-0.017604,0.528629,0.225332,-0.023324,0.422864,0.221314,-0.009028,0.45471,0.205733,-0.016477,0.475127,0.199518,-0.021101,0.495414,0.195287,-0.024609
hello,Right,0.327756,0.304372,0.0,0.364508,0.352746,-0.010844,0.412073,0.367544,-0.011939,0.451477,0.343278,-0.013347,0.479447,0.32507,-0.014706,0.447474,0.328825,0.002134,0.49306,0.31576,-0.00669,0.519123,0.302751,-0.016178,0.542491,0.292034,-0.023514,0.445215,0.28845,-1e-06,0.493258,0.2747,-0.00717,0.523358,0.262273,-0.017088,0.5489,0.250728,-0.025127,0.434644,0.253974,-0.004752,0.477035,0.235323,-0.012095,0.501466,0.2277,-0.019449,0.523589,0.221956,-0.025217,0.416672,0.22039,-0.011128,0.448765,0.201888,-0.017997,0.469319,0.194781,-0.02216,0.489979,0.190468,-0.025547
hello,Right,0.32704,0.297544,0.0,0.362696,0.348216,-0.010372,0.40909,0.365369,-0.011045,0.44789,0.340001,-0.012041,0.473026,0.317902,-0.013046,0.442789,0.318082,0.002412,0.487201,0.303395,-0.006555,0.512417,0.289308,-0.015954,0.534249,0.275798,-0.022973,0.440084,0.276991,0.000139,0.487582,0.261631,-0.007419,0.517528,0.247703,-0.017258,0.541825,0.233295,-0.0248,0.430043,0.242876,-0.004694,0.474073,0.225762,-0.012608,0.499806,0.217182,-0.01989,0.521776,0.209225,-0.025103,0.412851,0.209005,-0.011036,0.446978,0.192386,-0.01869,0.468908,0.184451,-0.022918,0.490188,0.17809,-0.025855
hello,Right,0.315531,0.298218,0.0,0.357834,0.348336,-0.005954,0.404637,0.362982,-0.00475,0.441409,0.336993,-0.004744,0.460531,0.3027,-0.005386,0.437857,0.30733,0.007149,0.481453,0.285814,-0.000436,0.505789,0.26798,-0.01009,0.526815,0.251883,-0.017515,0.434453,0.266107,0.003037,0.481692,0.241367,-0.003351,0.510892,0.222377,-0.013527,0.534485,0.20616,-0.02149,0.423257,0.231072,-0.003277,0.467486,0.203683,-0.010492,0.492914,0.188319,-0.018246,0.513974,0.175985,-0.023854,0.404651,0.196616,-0.0107,0.440063,0.175711,-0.017364,0.461118,0.165064,-0.020913,0.480356,0.155828,-0.023439
hello,Right,0.309583,0.313941,0.0,0.363317,0.355696,-0.006928,0.411796,0.351711,-0.006345,0.447411,0.316402,-0.007197,0.469547,0.285561,-0.008629,0.436063,0.284014,0.010047,0.477864,0.252782,0.001717,0.500381,0.232643,-0.008876,0.521613,0.217271,-0.017106,0.428786,0.244529,0.00569,0.474239,0.208558,-0.001597,0.502543,0.185969,-0.012716,0.52641,0.169081,-0.021386,0.414129,0.211935,-0.001426,0.457832,0.174363,-0.009954,0.483584,0.155616,-0.018415,0.50614,0.142269,-0.024435,0.391531,0.182505,-0.00971,0.42431,0.15431,-0.017539,0.445323,0.140968,-0.021349,0.465274,0.129422,-0.024012
hello,Right,0.305064,0.336683,0.0,0.356829,0.364563,-0.00555,0.406899,0.341827,-0.004297,0.439991,0.307872,-0.005273,0.467401,0.279949,-0.006847,0.428546,0.256826,0.01038,0.467545,0.213459,0.000777,0.490919,0.187786,-0.010184,0.512502,0.164676,-0.018798,0.420189,0.22451,0.003423,0.463172,0.176261,-0.006268,0.493721,0.142889,-0.018807,0.520072,0.113253,-0.028292,0.403917,0.200383,-0.006424,0.447733,0.149853,-0.018188,0.475073,0.12183,-0.02827,0.500218,0.097203,-0.034958,0.37892,0.18135,-0.017233,0.414535,0.14275,-0.029156,0.439106,0.121423,-0.035571,0.463456,0.101425,-0.039801
hello,Right,0.297774,0.35034,0.0,0.347721,0.367954,-0.005205,0.400744,0.330149,-0.002975,0.432364,0.292249,-0.003404,0.459495,0.261489,-0.004715,0.423409,0.236713,0.011328,0.458185,0.187756,0.001411,0.482319,0.158877,-0.010004,0.504022,0.134345,-0.019302,0.411704,0.20962,0.003071,0.45168,0.151389,-0.007338,0.482103,0.115473,-0.020374,0.509748,0.084987,-0.030186,0.391799,0.193585,-0.00836,0.434008,0.136396,-0.023083,0.461884,0.103795,-0.035063,0.488123,0.074786,-0.042473,0.363167,0.18622,-0.020646,0.399662,0.145673,-0.036726,0.424552,0.117084,-0.045648,0.44792,0.088608,-0.051214
hello,Right,0.286242,0.358865,0.0,0.339669,0.372368,-0.003996,0.389135,0.330734,-0.003965,0.419401,0.288562,-0.007337,0.450502,0.259918,-0.011778,0.408955,0.232166,0.009021,0.447404,0.185903,-0.004687,0.474176,0.156423,-0.018122,0.497831,0.129524,-0.02854,0.397162,0.208329,-0.001669,0.441134,0.151629,-0.015777,0.474815,0.113183,-0.030383,0.504067,0.079175,-0.04116,0.376639,0.194912,-0.015557,0.421161,0.135346,-0.032674,0.45104,0.101219,-0.045336,0.477849,0.070599,-0.053285,0.347658,0.19084,-0.030154,0.383748,0.146111,-0.047971,0.40924,0.117236,-0.057744,0.432551,0.0879,-0.063946
hello,Right,0.260736,0.363756,0.0,0.325522,0.379653,0.000975,0.377732,0.339275,0.002231,0.409836,0.299288,-0.001601,0.440378,0.269927,-0.006785,0.394971,0.235234,0.014057,0.434195,0.176139,-0.002222,0.464782,0.142918,-0.018326,0.491167,0.114432,-0.030878,0.382495,0.218066,-0.001408,0.426175,0.147025,-0.018839,0.461118,0.110254,-0.036428,0.490294,0.079669,-0.049054,0.361206,0.212794,-0.020124,0.403036,0.140827,-0.039662,0.432922,0.108191,-0.053822,0.459967,0.081646,-0.062746,0.331844,0.219037,-0.039442,0.363537,0.17146,-0.05841,0.387987,0.141423,-0.068822,0.411161,0.112919,-0.075758
hello,Right,0.229449,0.376982,0.0,0.303129,0.39892,-0.004927,0.360929,0.359926,-0.008147,0.397783,0.314506,-0.015081,0.431291,0.284128,-0.023338,0.374632,0.261843,0.002206,0.421213,0.204334,-0.020201,0.454269,0.168754,-0.041124,0.48357,0.136167,-0.057034,0.361996,0.250689,-0.01146,0.410899,0.186359,-0.03473,0.448563,0.148042,-0.057113,0.482702,0.112385,-0.073509,0.340698,0.250256,-0.02811,0.390242,0.183838,-0.051583,0.421514,0.152441,-0.06807,0.451906,0.124067,-0.078913,0.312579,0.257169,-0.0457,0.343405,0.211958,-0.067242,0.370778,0.183524,-0.078983,0.397376,0.15713,-0.087113
hello,Right,0.202065,0.401225,0.0,0.280548,0.42156,0.001086,0.344723,0.381581,0.003258,0.388033,0.341821,0.000166,0.422027,0.313597,-0.002967,0.3505,0.276526,0.022457,0.400515,0.216266,0.009164,0.431428,0.19034,-0.004671,0.459338,0.174227,-0.016032,0.338937,0.267369,0.008992,0.386263,0.195821,-0.006159,0.420927,0.170104,-0.023337,0.452392,0.1526,-0.036005,0.32193,0.275915,-0.007834,0.366645,0.204338,-0.026665,0.398348,0.17953,-0.038344,0.426279,0.16285,-0.045087,0.299982,0.301876,-0.025534,0.33229,0.252147,-0.042975,0.358245,0.222078,-0.050558,0.382996,0.197762,-0.055123
hello,Right,0.201071,0.43276,0.0,0.282321,0.447625,0.005423,0.33949,0.394424,-0.001152,0.377854,0.349172,-0.012425,0.419317,0.322462,-0.026266,0.33055,0.270112,-0.022376,0.382419,0.230568,-0.053229,0.419072,0.214234,-0.074642,0.450043,0.205199,-0.090986,0.311916,0.276284,-0.044295,0.370704,0.228427,-0.079585,0.411506,0.217777,-0.103389,0.449783,0.210192,-0.121054,0.290379,0.303823,-0.066597,0.346043,0.251466,-0.104507,0.385373,0.237071,-0.124554,0.421648,0.224021,-0.137291,0.268602,0.346011,-0.087474,0.306077,0.310494,-0.122767,0.336508,0.28508,-0.141169,0.364855,0.259212,-0.154168
hello,Right,0.182075,0.448188,0.0,0.261697,0.439618,0.027473,0.313017,0.40017,0.028618,0.352209,0.366661,0.01993,0.385919,0.331585,0.008568,0.299617,0.283756,0.017791,0.356218,0.266043,-0.000777,0.394063,0.2596,-0.01684,0.42373,0.256994,-0.029,0.290207,0.300781,-0.012383,0.350811,0.27398,-0.033904,0.395086,0.269846,-0.049742,0.429551,0.275916,-0.060258,0.277877,0.341654,-0.042001,0.339386,0.314978,-0.061483,0.381036,0.314107,-0.065688,0.416155,0.314556,-0.067247,0.263151,0.401654,-0.06972,0.317547,0.372527,-0.086362,0.35166,0.347112,-0.087273,0.380782,0.32183,-0.086397
hello,Right,0.193118,0.441416,0.0,0.240985,0.404583,-0.000781,0.293824,0.372771,-0.014242,0.337651,0.365447,-0.029035,0.371944,0.349404,-0.045756,0.283864,0.295377,-0.048228,0.347851,0.27055,-0.082335,0.394526,0.266118,-0.103055,0.42938,0.270365,-0.115844,0.274285,0.319701,-0.064929,0.344511,0.297228,-0.100711,0.396426,0.295232,-0.121848,0.436478,0.298057,-0.135081,0.263107,0.369375,-0.079846,0.330763,0.35372,-0.112282,0.374487,0.351052,-0.130483,0.408545,0.347543,-0.141099,0.252414,0.435763,-0.093337,0.293736,0.433016,-0.121932,0.320463,0.42216,-0.135683,0.343565,0.411938,-0.143666
hello,Right,0.181873,0.468148,1e-06,0.227971,0.426124,-0.001527,0.278639,0.391277,-0.013251,0.32362,0.378506,-0.025785,0.359879,0.360556,-0.039589,0.269867,0.314099,-0.041145,0.336217,0.293284,-0.071822,0.384426,0.292252,-0.088958,0.421657,0.299776,-0.099075,0.262824,0.341464,-0.055882,0.339114,0.322474,-0.088631,0.392881,0.324145,-0.106608,0.436432,0.328524,-0.116382,0.252117,0.392628,-0.069031,0.323377,0.386014,-0.099434,0.369673,0.383687,-0.114094,0.409008,0.377589,-0.121275,0.239381,0.456615,-0.080749,0.281225,0.456979,-0.106903,0.311588,0.447514,-0.116959,0.339541,0.435315,-0.121327
hello,Right,0.181079,0.477641,0.0,0.239411,0.435625,0.021091,0.286488,0.399799,0.009917,0.325883,0.376942,-0.005844,0.361043,0.345735,-0.026256,0.277244,0.323126,-0.059119,0.341467,0.302176,-0.099846,0.387774,0.293541,-0.122061,0.423904,0.295409,-0.137368,0.264087,0.351972,-0.091228,0.338971,0.325975,-0.141669,0.391628,0.324002,-0.167129,0.434323,0.326559,-0.18414,0.248838,0.401719,-0.118469,0.320154,0.384159,-0.164441,0.366311,0.377492,-0.187095,0.405292,0.370317,-0.201698,0.23423,0.4645,-0.141068,0.276563,0.459571,-0.184709,0.308396,0.447522,-0.207318,0.337875,0.433602,-0.222727
hello,Right,0.169812,0.48298,0.0,0.225616,0.464892,0.013063,0.269043,0.442777,0.006458,0.3074,0.439264,-0.004986,0.338145,0.418948,-0.019251,0.271745,0.320451,-0.021291,0.336675,0.296977,-0.046055,0.379517,0.287834,-0.0615,0.413072,0.288457,-0.072948,0.266389,0.344887,-0.045547,0.336868,0.31583,-0.077179,0.385628,0.309524,-0.098306,0.425708,0.30897,-0.112041,0.255305,0.393568,-0.067862,0.325902,0.375135,-0.099711,0.370166,0.371021,-0.118845,0.409014,0.366207,-0.130905,0.242063,0.456248,-0.087342,0.284388,0.445742,-0.118714,0.312715,0.430233,-0.133936,0.340779,0.413869,-0.143308
hello,Right,0.183801,0.468287,0.0,0.241952,0.447413,0.012895,0.290261,0.414209,0.000405,0.331827,0.406084,-0.016014,0.365686,0.384157,-0.036232,0.284763,0.311485,-0.051456,0.345655,0.285587,-0.090653,0.391051,0.276084,-0.114892,0.426908,0.277716,-0.132162,0.271785,0.333289,-0.07918,0.340471,0.304653,-0.126519,0.392054,0.305066,-0.154714,0.435599,0.311808,-0.174187,0.256363,0.380115,-0.103408,0.325133,0.354818,-0.147583,0.371064,0.353223,-0.171713,0.40967,0.353884,-0.187251,0.24316,0.443015,-0.124131,0.283207,0.434619,-0.165077,0.314245,0.422656,-0.186552,0.343584,0.410769,-0.201265
hello,Right,0.192445,0.464348,0.0,0.254321,0.461703,-0.003192,0.309961,0.423371,-0.016014,0.355097,0.3943,-0.030159,0.394695,0.362427,-0.04643,0.291588,0.311549,-0.043626,0.348463,0.287906,-0.076494,0.392314,0.275748,-0.096512,0.426349,0.270364,-0.110244,0.277968,0.32476,-0.059776,0.344558,0.297875,-0.096981,0.393757,0.291498,-0.117424,0.434203,0.289883,-0.130691,0.262438,0.366019,-0.075182,0.332206,0.347635,-0.111527,0.375711,0.34277,-0.128426,0.41082,0.33794,-0.13782,0.247305,0.425891,-0.089331,0.287827,0.422613,-0.122102,0.318364,0.41032,-0.137664,0.345483,0.396291,-0.147091
hello,Right,0.210602,0.41773,0.0,0.276461,0.47791,-0.011166,0.33996,0.478502,-0.021252,0.389862,0.473997,-0.031282,0.431669,0.476999,-0.042286,0.331761,0.346797,-0.032771,0.379457,0.324997,-0.057281,0.410895,0.317057,-0.073962,0.436574,0.309641,-0.087063,0.311527,0.320303,-0.041999,0.356072,0.294486,-0.071258,0.3905,0.289489,-0.091711,0.42066,0.284805,-0.107181,0.288607,0.317989,-0.052048,0.33244,0.294527,-0.08343,0.368255,0.292821,-0.101356,0.400989,0.290144,-0.112976,0.265899,0.334307,-0.06192,0.295741,0.322866,-0.089586,0.321542,0.31806,-0.104119,0.346373,0.315161,-0.114582
hello,Left,0.22827,0.410021,0.0,0.273829,0.334893,-0.020683,0.335064,0.288261,-0.026418,0.382571,0.261131,-0.03123,0.420935,0.227152,-0.035819,0.343387,0.321066,0.006735,0.383235,0.329206,-0.006207,0.409199,0.343204,-0.02127,0.432427,0.353368,-0.032792,0.335988,0.371791,0.007223,0.37449,0.408569,-0.004893,0.403326,0.435579,-0.021475,0.429903,0.460639,-0.033965,0.324151,0.417668,0.002918,0.362984,0.450507,-0.013148,0.395297,0.479863,-0.025474,0.42563,0.506015,-0.032498,0.309153,0.45728,-0.003163,0.345002,0.481073,-0.015508,0.370506,0.495302,-0.020338,0.39498,0.510702,-0.023681
hello,Right,0.211145,0.432464,-0.0,0.278069,0.471112,-0.011402,0.339222,0.450277,-0.014628,0.380493,0.415091,-0.019942,0.414753,0.392912,-0.026194,0.369806,0.342156,0.000372,0.414942,0.28364,-0.014965,0.440503,0.254542,-0.030609,0.465723,0.230687,-0.043168,0.351489,0.309918,-0.008163,0.399906,0.237428,-0.021962,0.42993,0.200826,-0.037704,0.456238,0.169442,-0.050815,0.322965,0.291884,-0.020072,0.366012,0.215398,-0.036749,0.393199,0.176555,-0.049961,0.418809,0.145018,-0.059774,0.285657,0.284158,-0.033525,0.314946,0.218931,-0.050646,0.337702,0.181081,-0.059721,0.36089,0.146298,-0.066398
hello,Right,0.219895,0.404036,0.0,0.281077,0.444757,-0.01134,0.342032,0.429373,-0.013492,0.383112,0.395199,-0.017161,0.413552,0.359841,-0.021747,0.375867,0.331889,-0.001262,0.424793,0.280719,-0.015031,0.450787,0.250803,-0.028939,0.474921,0.225189,-0.039861,0.360683,0.287964,-0.008198,0.415007,0.220648,-0.020344,0.447531,0.18398,-0.034834,0.47558,0.153958,-0.046785,0.335328,0.257413,-0.018079,0.384421,0.185372,-0.032163,0.415195,0.146782,-0.044211,0.442954,0.117527,-0.053164,0.301592,0.236646,-0.029482,0.336952,0.174614,-0.043494,0.363215,0.141182,-0.051244,0.389169,0.112758,-0.056981
hello,Right,0.232838,0.379113,0.0,0.289249,0.415068,-0.012372,0.348722,0.408884,-0.014758,0.391148,0.372274,-0.018037,0.417669,0.327313,-0.021386,0.386433,0.316056,0.002438,0.435786,0.272176,-0.008958,0.461313,0.246133,-0.021658,0.484674,0.224457,-0.031572,0.37297,0.268067,-0.002409,0.427456,0.210715,-0.011912,0.460604,0.180875,-0.024542,0.488088,0.157035,-0.03505,0.35031,0.233712,-0.010478,0.399971,0.173439,-0.021801,0.430889,0.145549,-0.031872,0.45712,0.12406,-0.039518,0.32003,0.208527,-0.020379,0.355878,0.156822,-0.031656,0.382218,0.130133,-0.037751,0.408145,0.107569,-0.04236
hello,Right,0.251659,0.351526,0.0,0.301715,0.391066,-0.011677,0.35897,0.392992,-0.013723,0.400111,0.356531,-0.016579,0.426878,0.320527,-0.019812,0.398806,0.311304,6.5e-05,0.447848,0.274249,-0.01204,0.472984,0.249839,-0.024867,0.495168,0.229307,-0.034692,0.388516,0.262664,-0.004773,0.442219,0.214803,-0.015928,0.474243,0.185425,-0.029432,0.500443,0.161023,-0.040226,0.369178,0.225849,-0.012555,0.419949,0.174466,-0.025589,0.450009,0.147626,-0.036999,0.474859,0.126304,-0.045117,0.342064,0.195891,-0.021851,0.381907,0.156129,-0.034985,0.408802,0.132676,-0.042643,0.434161,0.112736,-0.048027
hello,Right,0.267784,0.332894,0.0,0.314584,0.376711,-0.012163,0.369047,0.379866,-0.01324,0.40961,0.338416,-0.014738,0.433573,0.304949,-0.016262,0.406474,0.312706,0.003525,0.45274,0.286169,-0.006239,0.478,0.266004,-0.017674,0.500752,0.24884,-0.026684,0.399511,0.265097,0.000531,0.4504,0.229173,-0.008246,0.482094,0.205045,-0.020017,0.509217,0.185289,-0.029569,0.384152,0.227579,-0.005593,0.431997,0.190321,-0.016134,0.460679,0.169006,-0.025696,0.485638,0.150332,-0.032698,0.360652,0.194607,-0.01343,0.397626,0.165406,-0.024041,0.421621,0.148549,-0.029902,0.444686,0.132338,-0.034158
hello,Right,0.289967,0.317664,0.0,0.331,0.363344,-0.012605,0.382713,0.374156,-0.014641,0.423965,0.340698,-0.016688,0.450727,0.313789,-0.018594,0.419031,0.320653,0.001511,0.464253,0.299043,-0.008301,0.489477,0.27984,-0.018948,0.511078,0.263918,-0.027116,0.413867,0.276265,-0.000356,0.462604,0.249772,-0.008473,0.49259,0.227883,-0.019224,0.517973,0.20828,-0.027709,0.400135,0.241028,-0.00513,0.443584,0.2096,-0.013986,0.469657,0.190595,-0.022322,0.4937,0.173559,-0.028718,0.378478,0.208661,-0.0116,0.410348,0.18427,-0.020378,0.430173,0.17056,-0.02521,0.450539,0.157229,-0.028771
hello,Right,0.306251,0.31379,0.0,0.342365,0.358248,-0.012439,0.392949,0.372472,-0.014593,0.432918,0.339588,-0.016413,0.458274,0.30916,-0.017883,0.425507,0.334832,0.001072,0.468391,0.316444,-0.007674,0.493867,0.298111,-0.017262,0.515669,0.281836,-0.02485,0.423277,0.291649,-0.000731,0.47101,0.269448,-0.008074,0.501262,0.251167,-0.018048,0.52678,0.233662,-0.025805,0.412478,0.255417,-0.005276,0.457342,0.22887,-0.013426,0.483631,0.213901,-0.021498,0.507368,0.200399,-0.027443,0.394079,0.219653,-0.011394,0.428301,0.195846,-0.019623,0.450749,0.184659,-0.024597,0.47346,0.176052,-0.028193
hello,Right,0.314616,0.311031,0.0,0.349029,0.356277,-0.012168,0.396067,0.371753,-0.014312,0.434782,0.335396,-0.016333,0.45678,0.299373,-0.018166,0.43008,0.334927,0.00216,0.472238,0.319962,-0.005645,0.496819,0.304327,-0.014696,0.51813,0.290385,-0.022078,0.427932,0.292145,0.000296,0.473715,0.273692,-0.006097,0.502918,0.258786,-0.015767,0.527403,0.244458,-0.023609,0.417205,0.257243,-0.00429,0.460082,0.234169,-0.011864,0.485239,0.223201,-0.020082,0.50741,0.213191,-0.026188,0.39881,0.222826,-0.010514,0.431529,0.203143,-0.018391,0.453319,0.194766,-0.023636,0.475131,0.188645,-0.027604
hello,Right,0.318216,0.303027,0.0,0.349525,0.347716,-0.010917,0.397058,0.36512,-0.012011,0.434525,0.331455,-0.012871,0.453536,0.291814,-0.013568,0.428879,0.333171,0.001321,0.471672,0.320397,-0.005778,0.49803,0.305606,-0.013862,0.519689,0.292694,-0.020519,0.428204,0.291023,-0.000403,0.473845,0.274677,-0.006249,0.504067,0.261969,-0.015094,0.528012,0.250366,-0.022106,0.41859,0.256059,-0.004474,0.461633,0.23406,-0.011276,0.487611,0.224348,-0.019233,0.509494,0.21608,-0.025151,0.401509,0.221898,-0.009993,0.433456,0.203537,-0.017259,0.454478,0.195374,-0.022138,0.474734,0.189359,-0.025776
hello,Right,0.315885,0.30907,0.0,0.349829,0.353791,-0.011526,0.39884,0.369189,-0.012278,0.437797,0.336557,-0.012732,0.459634,0.302276,-0.012759,0.42917,0.338044,0.003468,0.472074,0.326182,-0.002844,0.497486,0.312496,-0.010755,0.519407,0.299771,-0.017426,0.428282,0.297293,0.002195,0.474129,0.282529,-0.002892,0.503441,0.270693,-0.011612,0.527285,0.258734,-0.01893,0.419057,0.262192,-0.001733,0.461917,0.242839,-0.00807,0.48708,0.234189,-0.015944,0.508391,0.226136,-0.022082,0.403043,0.227108,-0.007265,0.435469,0.209478,-0.014087,0.456816,0.203638,-0.01902,0.477468,0.200965,-0.023053
hello,Right,0.317983,0.313019,0.0,0.356597,0.356462,-0.009946,0.40482,0.366881,-0.010201,0.441382,0.331437,-0.010664,0.461967,0.29612,-0.010868,0.429805,0.340675,0.005964,0.472077,0.328549,0.000236,0.4976,0.315131,-0.00756,0.520186,0.304089,-0.014301,0.428419,0.300594,0.004202,0.47348,0.28392,-0.000799,0.502751,0.271223,-0.010149,0.527328,0.260923,-0.01799,0.419336,0.266244,-0.000115,0.460856,0.246154,-0.006215,0.486162,0.236781,-0.014731,0.508094,0.229111,-0.021319,0.403959,0.232469,-0.00588,0.435829,0.215049,-0.011886,0.457196,0.207601,-0.016721,0.477611,0.20292,-0.0208
hello,Right,0.318974,0.307651,0.0,0.354271,0.351173,-0.010864,0.402449,0.362797,-0.011447,0.440056,0.329299,-0.011839,0.462151,0.297349,-0.01205,0.430002,0.338613,0.002804,0.473238,0.325039,-0.003673,0.498979,0.311079,-0.011514,0.520805,0.299016,-0.017997,0.428804,0.29837,0.001581,0.47472,0.281457,-0.0038,0.504331,0.268149,-0.012707,0.527958,0.255985,-0.020045,0.419641,0.263497,-0.00213,0.462251,0.244411,-0.008562,0.48785,0.235766,-0.016936,0.509484,0.22814,-0.023282,0.40401,0.229004,-0.007288,0.436416,0.212293,-0.014043,0.457835,0.205769,-0.019252,0.478485,0.202008,-0.023399
hello,Right,0.319314,0.310139,0.0,0.354261,0.352992,-0.009201,0.402284,0.365991,-0.009518,0.437877,0.329886,-0.009831,0.455824,0.291943,-0.010161,0.429745,0.338883,0.002386,0.472304,0.326011,-0.003866,0.497974,0.312064,-0.011426,0.51953,0.299761,-0.017778,0.428161,0.298003,0.000173,0.474234,0.281258,-0.004967,0.503605,0.268648,-0.013501,0.526966,0.257032,-0.020644,0.418554,0.263116,-0.004208,0.460884,0.243299,-0.01014,0.486583,0.234345,-0.018116,0.508072,0.225854,-0.024372,0.402463,0.229714,-0.009872,0.434874,0.212566,-0.01581,0.456488,0.205152,-0.020316,0.477155,0.19988,-0.024177
hello,Right,0.319762,0.308197,0.0,0.355612,0.352349,-0.009308,0.403659,0.365268,-0.009346,0.439249,0.331202,-0.009381,0.456629,0.292205,-0.009374,0.430759,0.336739,0.003923,0.474015,0.323722,-0.001708,0.499367,0.309242,-0.00934,0.521173,0.296682,-0.015875,0.429312,0.296419,0.002018,0.475044,0.279595,-0.002281,0.504283,0.266343,-0.011161,0.527739,0.253696,-0.018793,0.419903,0.261592,-0.002103,0.461944,0.241989,-0.007341,0.486943,0.233508,-0.015546,0.507565,0.225013,-0.022082,0.403944,0.227938,-0.007564,0.436636,0.211279,-0.012895,0.45802,0.205021,-0.017299,0.47808,0.200961,-0.021196
hello,Right,0.317907,0.311362,0.0,0.354454,0.354618,-0.00943,0.403947,0.364835,-0.009397,0.439702,0.326849,-0.009255,0.454587,0.284825,-0.009048,0.43001,0.340029,0.003503,0.473984,0.32555,-0.001545,0.499177,0.309785,-0.00869,0.520426,0.296116,-0.014905,0.428241,0.299127,0.001752,0.474726,0.281253,-0.001766,0.503911,0.267641,-0.010006,0.527206,0.254979,-0.017294,0.41856,0.263719,-0.002206,0.460924,0.243287,-0.006972,0.486031,0.234802,-0.015156,0.507032,0.22618,-0.021764,0.402517,0.22986,-0.007505,0.435579,0.211985,-0.012421,0.456843,0.204651,-0.016644,0.47684,0.199021,-0.020564
hello,Right,0.317489,0.315674,0.0,0.35492,0.357739,-0.007749,0.404424,0.366694,-0.006886,0.440159,0.33116,-0.006206,0.456017,0.290241,-0.005711,0.43107,0.340334,0.004506,0.474845,0.324576,-0.000461,0.499795,0.308581,-0.007471,0.521256,0.294597,-0.013496,0.428771,0.300119,0.002018,0.475737,0.28108,-0.001326,0.504661,0.266523,-0.00925,0.527879,0.252523,-0.016219,0.418559,0.264388,-0.002506,0.461249,0.244409,-0.007266,0.486217,0.235078,-0.015013,0.507252,0.225373,-0.02119,0.401894,0.229235,-0.008197,0.43575,0.212361,-0.013061,0.456755,0.205754,-0.016805,0.476604,0.200636,-0.020258
hello,Right,0.317887,0.314732,0.0,0.354772,0.357774,-0.008143,0.403945,0.365246,-0.007624,0.439799,0.329659,-0.007132,0.457036,0.291081,-0.006783,0.430032,0.33918,0.003539,0.475237,0.324542,-0.001788,0.500554,0.309415,-0.00878,0.521727,0.296383,-0.014624,0.427689,0.298776,0.001552,0.475574,0.280636,-0.002243,0.504922,0.266611,-0.010453,0.528228,0.254048,-0.01752,0.41776,0.263728,-0.002439,0.460669,0.243126,-0.00727,0.486491,0.234102,-0.015366,0.507886,0.225595,-0.021793,0.401707,0.230131,-0.007561,0.43483,0.211926,-0.012483,0.456022,0.205249,-0.016566,0.47588,0.200684,-0.020216
hello,Right,0.316689,0.315259,0.0,0.354626,0.358538,-0.008749,0.402913,0.366425,-0.007788,0.437849,0.327431,-0.007196,0.453622,0.288106,-0.006187,0.429246,0.338978,0.008443,0.470912,0.32648,0.004206,0.496111,0.312288,-0.002508,0.517676,0.299526,-0.008376,0.427911,0.297613,0.006684,0.473271,0.280471,0.003443,0.502697,0.268121,-0.004622,0.52698,0.257098,-0.011327,0.418824,0.263445,0.002452,0.460154,0.242482,-0.001762,0.485898,0.234814,-0.009446,0.507905,0.227319,-0.015402,0.402981,0.23073,-0.003226,0.434028,0.212346,-0.007337,0.455078,0.204254,-0.011018,0.47486,0.198211,-0.014251
hello,Right,0.316291,0.319118,0.0,0.356275,0.363492,-0.008582,0.405237,0.371013,-0.007709,0.440219,0.330049,-0.007112,0.455971,0.288777,-0.006416,0.428818,0.343108,0.007338,0.471117,0.328622,0.003019,0.49624,0.314125,-0.003766,0.518117,0.302179,-0.00984,0.426816,0.301762,0.005239,0.473055,0.282639,0.001678,0.502034,0.269322,-0.007019,0.526003,0.258815,-0.014328,0.417103,0.2669,0.00082,0.45927,0.245086,-0.0043,0.484937,0.234827,-0.013051,0.506823,0.226082,-0.019694,0.400841,0.232897,-0.004838,0.433529,0.214382,-0.009888,0.454724,0.206353,-0.014274,0.475015,0.200945,-0.01806
hello,Right,0.316644,0.322476,0.0,0.355087,0.365109,-0.009391,0.404756,0.371561,-0.009286,0.439116,0.327769,-0.009178,0.453623,0.284258,-0.008905,0.428467,0.342794,0.004501,0.471423,0.328646,-0.000377,0.496932,0.314195,-0.007078,0.518799,0.302131,-0.012979,0.426201,0.30086,0.002723,0.472636,0.281971,-0.001089,0.502013,0.269068,-0.009246,0.52545,0.257854,-0.016226,0.416168,0.26613,-0.001318,0.457955,0.243716,-0.006158,0.483323,0.234755,-0.014222,0.504021,0.226481,-0.020513,0.399789,0.233175,-0.006691,0.432217,0.213276,-0.011278,0.453796,0.205906,-0.01534,0.473875,0.201311,-0.019035
hello,Right,0.3141,0.320317,0.0,0.350169,0.364493,-0.00867,0.401857,0.37235,-0.007738,0.437268,0.328366,-0.007233,0.450265,0.283304,-0.006524,0.427458,0.336588,0.006795,0.467469,0.321767,0.002218,0.49207,0.307912,-0.004509,0.513193,0.295377,-0.010839,0.425953,0.293177,0.004038,0.469536,0.274744,-5.3e-05,0.498284,0.262147,-0.008377,0.521216,0.250023,-0.015422,0.415996,0.258097,-0.001165,0.457963,0.23526,-0.007023,0.483373,0.228103,-0.015479,0.504349,0.221068,-0.022024,0.398938,0.22502,-0.007709,0.430997,0.203937,-0.013902,0.452199,0.196854,-0.019096,0.472192,0.19253,-0.02356
hello,Right,0.308362,0.321357,0.0,0.353799,0.363165,-0.007387,0.40352,0.364867,-0.007603,0.4383,0.326628,-0.008828,0.45838,0.291054,-0.010609,0.427435,0.312276,0.006573,0.469827,0.288774,-0.001315,0.492899,0.273584,-0.010278,0.512818,0.263258,-0.017185,0.421201,0.271428,0.002479,0.465819,0.24722,-0.004374,0.493653,0.231029,-0.014166,0.515652,0.220248,-0.021982,0.408587,0.237392,-0.004121,0.452195,0.208786,-0.012378,0.476875,0.196563,-0.020101,0.496701,0.190623,-0.025659,0.389999,0.204983,-0.011779,0.423843,0.180072,-0.0187,0.443939,0.175376,-0.022192,0.461162,0.176282,-0.025015
hello,Right,0.304415,0.341643,0.0,0.353407,0.364221,-0.008267,0.40096,0.339523,-0.010808,0.43367,0.311516,-0.015906,0.461222,0.28474,-0.020996,0.420972,0.2439,0.002229,0.457499,0.183732,-0.014735,0.483638,0.171152,-0.02937,0.501537,0.167195,-0.037963,0.408861,0.217179,-0.004325,0.447338,0.143618,-0.021014,0.475478,0.144376,-0.034341,0.489709,0.153544,-0.042114,0.390669,0.198082,-0.013964,0.425541,0.137326,-0.033004,0.444237,0.171178,-0.041825,0.448228,0.210155,-0.043925,0.367511,0.185462,-0.024796,0.400213,0.137376,-0.040483,0.420046,0.151246,-0.045938,0.427336,0.175129,-0.047096
hello,Right,0.291758,0.341054,0.0,0.345944,0.35263,-0.007232,0.395016,0.310924,-0.008316,0.425033,0.265014,-0.011768,0.451011,0.227129,-0.016407,0.407088,0.212851,0.005128,0.437787,0.154816,-0.008289,0.461261,0.127722,-0.021794,0.481881,0.105895,-0.032086,0.392411,0.187832,-0.003378,0.426824,0.108602,-0.01687,0.455478,0.070089,-0.031558,0.478611,0.042281,-0.042697,0.37112,0.177452,-0.015068,0.406336,0.096999,-0.032871,0.433889,0.068121,-0.046816,0.455865,0.050878,-0.055446,0.346211,0.181539,-0.027547,0.377957,0.129841,-0.045331,0.399797,0.111371,-0.055254,0.416436,0.099658,-0.061624
hello,Right,0.259293,0.345046,0.0,0.328656,0.352345,-0.005306,0.376548,0.297617,-0.006841,0.402778,0.234035,-0.011058,0.423546,0.190423,-0.016545,0.381532,0.210099,0.00371,0.410229,0.131902,-0.012867,0.433457,0.084211,-0.029423,0.455817,0.045117,-0.042218,0.365627,0.194405,-0.005582,0.395477,0.116085,-0.02174,0.423248,0.06625,-0.038821,0.449222,0.024052,-0.051783,0.343322,0.19382,-0.017408,0.372661,0.119639,-0.035175,0.396689,0.076668,-0.048215,0.420252,0.040556,-0.056615,0.315628,0.207556,-0.030044,0.335713,0.153506,-0.046122,0.353307,0.121149,-0.053883,0.36995,0.093744,-0.058944
hello,Right,0.243144,0.363999,0.0,0.303309,0.343393,-0.010562,0.356655,0.280985,-0.016917,0.391423,0.213366,-0.023175,0.414239,0.160654,-0.029954,0.351387,0.250781,-0.008601,0.3862,0.181782,-0.022887,0.403696,0.147862,-0.035886,0.417663,0.120241,-0.045052,0.330429,0.254427,-0.011382,0.35966,0.187006,-0.022054,0.379398,0.157453,-0.032431,0.394559,0.135898,-0.041434,0.306763,0.263402,-0.015749,0.330357,0.207811,-0.02583,0.346523,0.193234,-0.028062,0.361416,0.186257,-0.02996,0.281444,0.273889,-0.021287,0.301588,0.234551,-0.028872,0.316372,0.222366,-0.02775,0.328692,0.215029,-0.026807
hello,Right,0.26387,0.403125,0.0,0.321979,0.421339,-0.004654,0.374021,0.391627,-0.006819,0.405893,0.349083,-0.011762,0.425064,0.320921,-0.018584,0.400546,0.303496,-0.000295,0.437821,0.232252,-0.017091,0.463869,0.190172,-0.033621,0.486527,0.157234,-0.045792,0.38778,0.27883,-0.010233,0.426789,0.196156,-0.026176,0.456648,0.147713,-0.041913,0.483036,0.109935,-0.053461,0.365392,0.267737,-0.022356,0.404544,0.185469,-0.039617,0.431885,0.137684,-0.052178,0.455987,0.09983,-0.060241,0.335111,0.268486,-0.035236,0.364121,0.215986,-0.051739,0.384742,0.180214,-0.059347,0.402892,0.147662,-0.063987
hello,Right,0.280317,0.388476,0.0,0.335122,0.425407,-0.007228,0.389459,0.414431,-0.008674,0.42367,0.391826,-0.012438,0.444869,0.380892,-0.017157,0.425804,0.322062,0.001851,0.468547,0.253683,-0.013615,0.491711,0.231994,-0.026087,0.507537,0.223314,-0.033672,0.414873,0.290432,-0.006047,0.461905,0.217811,-0.020239,0.492007,0.196717,-0.031356,0.510929,0.188046,-0.038086,0.394746,0.267273,-0.017257,0.441892,0.196845,-0.034717,0.47242,0.176391,-0.044396,0.494123,0.171355,-0.048621,0.365825,0.248176,-0.029599,0.402928,0.197769,-0.047853,0.429165,0.165626,-0.055712,0.450515,0.140031,-0.058919
hello,Right,0.296147,0.369783,0.0,0.342088,0.417169,-0.006923,0.3893,0.428169,-0.006882,0.426469,0.421694,-0.008506,0.45108,0.395667,-0.010811,0.428609,0.356844,0.007021,0.474303,0.329711,-0.003138,0.497837,0.310956,-0.015234,0.517824,0.295393,-0.024228,0.423339,0.314966,0.001844,0.473096,0.280964,-0.006663,0.504235,0.262414,-0.01915,0.529393,0.248315,-0.029167,0.410237,0.279476,-0.005964,0.45793,0.245753,-0.015572,0.487,0.231503,-0.025692,0.510967,0.222132,-0.033204,0.389625,0.247385,-0.014961,0.424955,0.219392,-0.024775,0.448493,0.20834,-0.030504,0.470054,0.201309,-0.034586
hello,Right,0.311405,0.346512,0.0,0.350705,0.407537,-0.007787,0.394456,0.435348,-0.005986,0.431159,0.433509,-0.004985,0.452008,0.408534,-0.004458,0.433613,0.365504,0.008809,0.477432,0.34824,0.002291,0.502027,0.333516,-0.007275,0.523477,0.320095,-0.014812,0.430915,0.324055,0.00616,0.478692,0.30248,0.001145,0.508151,0.288657,-0.009277,0.532124,0.276141,-0.017857,0.420347,0.287703,0.001084,0.464259,0.265013,-0.005308,0.490176,0.255687,-0.013923,0.51153,0.248254,-0.020433,0.402919,0.251833,-0.005311,0.436226,0.235438,-0.011877,0.457611,0.229961,-0.016232,0.477782,0.226807,-0.01956
hello,Right,0.315496,0.323344,0.0,0.351068,0.38518,-0.008653,0.392626,0.415224,-0.008863,0.429543,0.413131,-0.009546,0.453088,0.389515,-0.010759,0.434341,0.355209,0.003888,0.47864,0.337731,-0.004097,0.504252,0.323987,-0.014106,0.527371,0.3118,-0.021855,0.4322,0.315121,0.000893,0.481099,0.30046,-0.004998,0.511357,0.290119,-0.01486,0.536031,0.280729,-0.023007,0.422078,0.279252,-0.004324,0.466633,0.262128,-0.011207,0.49304,0.25599,-0.018598,0.515224,0.252048,-0.024264,0.405068,0.242458,-0.010908,0.438932,0.230166,-0.017603,0.460416,0.226546,-0.020908,0.480487,0.224448,-0.023464
hello,Right,0.312207,0.310544,0.0,0.346662,0.372111,-0.009109,0.389135,0.403189,-0.008895,0.42585,0.409468,-0.009141,0.450546,0.391396,-0.009711,0.433004,0.346898,0.004785,0.477935,0.33371,-0.002293,0.503672,0.321911,-0.011919,0.52738,0.311498,-0.019802,0.431942,0.306903,0.002146,0.481474,0.29461,-0.003252,0.511345,0.286649,-0.013238,0.536153,0.279139,-0.021655,0.422299,0.270281,-0.002801,0.467989,0.256012,-0.009534,0.494188,0.251963,-0.017438,0.516747,0.248878,-0.023592,0.405577,0.233128,-0.009166,0.439496,0.222119,-0.016229,0.460929,0.218865,-0.020232,0.481239,0.21707,-0.023318
hello,Right,0.311756,0.298188,0.0,0.346016,0.361507,-0.008365,0.389971,0.392635,-0.007198,0.428016,0.396232,-0.006605,0.450769,0.373101,-0.006573,0.432049,0.338559,0.006525,0.476672,0.325799,0.00029,0.502153,0.314655,-0.009195,0.525903,0.303914,-0.017192,0.431473,0.298137,0.003628,0.480627,0.287136,-0.001211,0.510772,0.279593,-0.011474,0.536596,0.270857,-0.020266,0.422167,0.261661,-0.001538,0.467612,0.24849,-0.007765,0.493577,0.245439,-0.016075,0.516363,0.241706,-0.022668,0.405762,0.223734,-0.008082,0.440348,0.213474,-0.014696,0.461759,0.211404,-0.018778,0.482257,0.210248,-0.022165
hello,Right,0.313752,0.29494,0.0,0.347935,0.354143,-0.010209,0.388947,0.38759,-0.011004,0.426127,0.387573,-0.012067,0.45091,0.365027,-0.013445,0.432076,0.331247,0.004502,0.477081,0.317839,-0.002618,0.502571,0.305741,-0.012287,0.525846,0.295215,-0.020065,0.431001,0.289625,0.002142,0.480019,0.277864,-0.003141,0.51063,0.269419,-0.013475,0.536387,0.261358,-0.022191,0.421607,0.252825,-0.002577,0.466353,0.239744,-0.008829,0.492037,0.237144,-0.016523,0.514261,0.235404,-0.022606,0.404957,0.214344,-0.008836,0.439468,0.202833,-0.015321,0.461039,0.200065,-0.018716,0.481374,0.198923,-0.021401
hello,Right,0.31347,0.291347,0.0,0.344276,0.347667,-0.01275,0.387633,0.380294,-0.014241,0.426966,0.382443,-0.015422,0.453128,0.357735,-0.016792,0.431991,0.329462,0.001889,0.477169,0.315424,-0.005345,0.503765,0.304795,-0.014785,0.527013,0.296361,-0.022412,0.43119,0.288186,0.000881,0.47943,0.275415,-0.004192,0.510027,0.26698,-0.013707,0.534983,0.259849,-0.021777,0.421595,0.252284,-0.002715,0.465232,0.237967,-0.008979,0.491222,0.233541,-0.016486,0.51289,0.230743,-0.022399,0.40499,0.215451,-0.008121,0.438994,0.204055,-0.01486,0.460157,0.201039,-0.018718,0.479695,0.200631,-0.021701
hello,Right,0.312788,0.291629,0.0,0.344972,0.348603,-0.011063,0.387886,0.380589,-0.011836,0.42628,0.384888,-0.012752,0.451403,0.360101,-0.014109,0.432101,0.328481,0.003205,0.476913,0.315424,-0.004066,0.502983,0.30497,-0.013968,0.526469,0.295616,-0.02214,0.430908,0.28875,0.000894,0.479944,0.276922,-0.004772,0.510577,0.268807,-0.015374,0.53603,0.260937,-0.024411,0.420768,0.253029,-0.003853,0.465002,0.239162,-0.010972,0.491489,0.235271,-0.019714,0.513884,0.232366,-0.026568,0.40366,0.216209,-0.010169,0.437734,0.204783,-0.017534,0.459298,0.201657,-0.021991,0.479345,0.200413,-0.025608
hello,Right,0.31,0.291241,0.0,0.343182,0.349528,-0.010098,0.387852,0.379873,-0.00986,0.426869,0.38213,-0.009955,0.451836,0.357109,-0.010466,0.431729,0.328599,0.005705,0.47678,0.315303,-0.000467,0.502404,0.304637,-0.009843,0.52578,0.29498,-0.017752,0.430709,0.288063,0.003227,0.480303,0.275737,-0.001348,0.510851,0.267454,-0.011408,0.536292,0.258751,-0.020096,0.42047,0.252145,-0.001733,0.465455,0.237936,-0.00788,0.491608,0.233984,-0.01634,0.51397,0.230392,-0.023082,0.402973,0.215087,-0.00823,0.437335,0.202568,-0.014732,0.458765,0.199275,-0.018819,0.47875,0.197957,-0.022262
hello,Right,0.311378,0.290952,0.0,0.344499,0.350368,-0.01014,0.388492,0.380469,-0.010392,0.427092,0.383497,-0.010956,0.451513,0.357061,-0.012047,0.430449,0.327782,0.003872,0.476346,0.314947,-0.002832,0.502572,0.305464,-0.012142,0.525563,0.297717,-0.019907,0.429686,0.287652,0.001445,0.479072,0.273871,-0.003664,0.509593,0.265831,-0.013729,0.534138,0.258161,-0.022293,0.419858,0.252015,-0.003316,0.464409,0.237377,-0.009805,0.491106,0.233476,-0.018242,0.513152,0.230511,-0.02492,0.402464,0.215779,-0.009564,0.436387,0.203217,-0.016521,0.457873,0.199939,-0.020817,0.477776,0.198458,-0.024289
hello,Right,0.311166,0.289982,0.0,0.343631,0.349406,-0.010866,0.387834,0.381877,-0.011202,0.426964,0.384502,-0.011605,0.451007,0.357169,-0.012591,0.430265,0.327964,0.002561,0.47532,0.315278,-0.004501,0.501517,0.304927,-0.014074,0.524824,0.295657,-0.022073,0.429338,0.287709,0.000255,0.478335,0.274455,-0.00518,0.50897,0.266004,-0.0156,0.534023,0.257293,-0.024472,0.418972,0.252245,-0.004372,0.463229,0.237099,-0.011398,0.490074,0.232317,-0.02028,0.512565,0.228114,-0.027246,0.401202,0.215854,-0.010504,0.435074,0.203579,-0.01803,0.456755,0.200258,-0.022658,0.476929,0.198377,-0.026352
hello,Right,0.310366,0.291608,0.0,0.344288,0.350704,-0.010583,0.388634,0.381168,-0.010889,0.427858,0.381326,-0.011426,0.452601,0.354769,-0.012476,0.430206,0.327055,0.003439,0.475707,0.314344,-0.003885,0.502092,0.304077,-0.013494,0.525537,0.295758,-0.021422,0.42903,0.287072,0.001017,0.478059,0.274571,-0.004848,0.508819,0.266533,-0.015323,0.533844,0.259093,-0.024108,0.418794,0.251595,-0.003842,0.463077,0.23601,-0.0112,0.489509,0.231776,-0.020004,0.511601,0.229133,-0.026801,0.40126,0.214578,-0.010217,0.435221,0.201996,-0.017939,0.456951,0.198575,-0.022764,0.47725,0.197244,-0.026568
hello,Right,0.313759,0.289804,0.0,0.346741,0.349178,-0.010719,0.389733,0.380775,-0.011199,0.428283,0.383649,-0.011809,0.452714,0.355786,-0.012856,0.430214,0.327882,0.004437,0.47489,0.314678,-0.001995,0.50095,0.304193,-0.011203,0.523559,0.295534,-0.018697,0.429855,0.28673,0.002579,0.478464,0.273014,-0.001758,0.509366,0.264526,-0.011295,0.533623,0.256541,-0.019347,0.420371,0.251059,-0.001683,0.463738,0.235723,-0.007219,0.489642,0.23122,-0.014638,0.510788,0.228858,-0.020523,0.403217,0.214355,-0.007588,0.436798,0.202203,-0.013575,0.457912,0.199557,-0.016837,0.477474,0.199827,-0.019437
hello,Right,0.310769,0.290718,0.0,0.345101,0.352208,-0.009954,0.389363,0.382451,-0.00944,0.427984,0.385467,-0.009342,0.452283,0.357799,-0.009718,0.430273,0.328391,0.007323,0.475658,0.315093,0.001684,0.501891,0.305167,-0.007425,0.525117,0.297279,-0.015079,0.429345,0.287858,0.005146,0.477857,0.274311,0.001235,0.508675,0.266063,-0.008747,0.533261,0.257854,-0.017286,0.419353,0.25188,0.000452,0.462722,0.236983,-0.004946,0.489413,0.232946,-0.013142,0.511468,0.229779,-0.019679,0.401934,0.21459,-0.005828,0.436049,0.203396,-0.011708,0.457721,0.200623,-0.015292,0.477612,0.199586,-0.018286
hello,Right,0.312674,0.293535,0.0,0.347249,0.353194,-0.009647,0.390176,0.382444,-0.009526,0.428084,0.383666,-0.010023,0.452861,0.358063,-0.010918,0.43105,0.327834,0.007269,0.476088,0.315637,0.00107,0.501828,0.305854,-0.008097,0.524544,0.297893,-0.01562,0.429838,0.287438,0.004811,0.477998,0.273985,0.000312,0.508477,0.266284,-0.009782,0.53325,0.25946,-0.018285,0.419933,0.25162,-0.00018,0.463244,0.236162,-0.006158,0.489076,0.232943,-0.014062,0.510737,0.231591,-0.020247,0.402641,0.214339,-0.006731,0.436285,0.201731,-0.013346,0.457952,0.199398,-0.017224,0.478326,0.19937,-0.020259
hello,Right,0.3102,0.291784,0.0,0.344783,0.35379,-0.009141,0.389441,0.386732,-0.008338,0.428012,0.385746,-0.007989,0.451026,0.359487,-0.00824,0.429923,0.330146,0.005008,0.474159,0.317679,-0.001655,0.49947,0.307103,-0.010993,0.522511,0.297611,-0.018766,0.428986,0.289501,0.002092,0.47774,0.277566,-0.003134,0.507909,0.270217,-0.013612,0.533201,0.262701,-0.022586,0.419251,0.253371,-0.003132,0.463549,0.238293,-0.009938,0.489771,0.234197,-0.018952,0.512393,0.231299,-0.026066,0.40238,0.215173,-0.009754,0.437046,0.202464,-0.017091,0.458986,0.199409,-0.021937,0.479901,0.198508,-0.025914
hello,Right,0.31082,0.294536,0.0,0.346037,0.356975,-0.009633,0.38845,0.389287,-0.009494,0.426618,0.386719,-0.009819,0.450298,0.359862,-0.01084,0.428272,0.332436,0.005167,0.472161,0.318509,-0.002173,0.497706,0.30716,-0.012185,0.520595,0.296883,-0.020223,0.427249,0.291658,0.002466,0.474971,0.278325,-0.003223,0.505434,0.269187,-0.01412,0.53067,0.259802,-0.023231,0.417592,0.255378,-0.002606,0.460917,0.240035,-0.009855,0.487209,0.234485,-0.018767,0.50923,0.229657,-0.025521,0.400777,0.21753,-0.009071,0.434573,0.205318,-0.016262,0.45587,0.20206,-0.020423,0.475721,0.199861,-0.023686
hello,Right,0.304301,0.296763,0.0,0.339658,0.357836,-0.007628,0.383408,0.389694,-0.00644,0.419857,0.3895,-0.006047,0.442368,0.367265,-0.006297,0.423003,0.333174,0.006208,0.466962,0.319032,-0.000519,0.491874,0.307735,-0.009868,0.513947,0.297126,-0.017537,0.421422,0.291761,0.002425,0.470371,0.275743,-0.003256,0.500295,0.266046,-0.013614,0.524664,0.256115,-0.022214,0.411121,0.255375,-0.00358,0.457179,0.238506,-0.011133,0.483835,0.231843,-0.019707,0.506215,0.226066,-0.0261,0.393775,0.218822,-0.010738,0.428864,0.204094,-0.018477,0.450554,0.198721,-0.02271,0.471169,0.195352,-0.025871
hello,Right,0.305569,0.319252,0.0,0.346566,0.365018,-0.009505,0.391241,0.377235,-0.011423,0.422858,0.358044,-0.014213,0.442395,0.329386,-0.017735,0.426518,0.308757,0.000702,0.47033,0.280135,-0.011947,0.493861,0.262263,-0.024033,0.511003,0.248875,-0.031612,0.419999,0.271893,-0.002673,0.465333,0.244201,-0.013451,0.491558,0.232305,-0.024272,0.506553,0.226007,-0.031446,0.407011,0.238829,-0.008715,0.449812,0.210943,-0.019744,0.473734,0.206008,-0.027252,0.486542,0.208673,-0.031385,0.387325,0.20307,-0.016116,0.420868,0.178688,-0.025752,0.441113,0.174475,-0.029626,0.454184,0.175885,-0.031404
hello,Right,0.302385,0.337537,0.0,0.359367,0.354623,-0.003452,0.403216,0.330502,-0.005425,0.426703,0.290898,-0.010747,0.439698,0.254005,-0.017378,0.422487,0.250586,0.007862,0.457693,0.194292,-0.005496,0.480445,0.167688,-0.018894,0.501531,0.147315,-0.028446,0.411899,0.229948,-0.001839,0.451498,0.167974,-0.014763,0.480012,0.133209,-0.02804,0.50184,0.10566,-0.037439,0.395172,0.21475,-0.014305,0.436655,0.159968,-0.029123,0.462032,0.134823,-0.039048,0.480357,0.117762,-0.044424,0.37233,0.204974,-0.027652,0.40638,0.167321,-0.039814,0.428126,0.146537,-0.044502,0.444017,0.128655,-0.04713
hello,Right,0.270368,0.352247,0.0,0.297319,0.302063,1.6e-05,0.337458,0.267556,-0.005827,0.371938,0.261139,-0.013818,0.396359,0.258475,-0.021444,0.346812,0.230095,-0.013458,0.397844,0.2226,-0.028161,0.429649,0.217692,-0.037126,0.452686,0.211003,-0.042614,0.345027,0.243234,-0.023362,0.399499,0.230369,-0.038902,0.433538,0.228964,-0.047704,0.457691,0.223509,-0.053316,0.341118,0.272641,-0.033038,0.394183,0.260886,-0.047065,0.408418,0.276313,-0.049371,0.412002,0.283914,-0.049093,0.337645,0.314981,-0.042779,0.378022,0.305501,-0.052359,0.381044,0.314365,-0.050739,0.373526,0.320246,-0.048039
hello,Right,0.275003,0.351894,0.0,0.305164,0.311315,-0.002556,0.344075,0.28071,-0.011165,0.377138,0.276067,-0.020052,0.403605,0.279971,-0.02978,0.345643,0.234466,-0.027865,0.388382,0.226077,-0.048277,0.422401,0.234268,-0.06176,0.450065,0.245015,-0.070441,0.338075,0.2623,-0.037576,0.390555,0.265066,-0.057663,0.429442,0.274839,-0.070069,0.46103,0.284144,-0.077751,0.327798,0.3066,-0.046216,0.380295,0.317567,-0.064405,0.416215,0.321678,-0.073745,0.446005,0.320798,-0.078947,0.316027,0.359296,-0.054147,0.351546,0.37403,-0.070233,0.375934,0.372681,-0.075849,0.398458,0.367847,-0.078233
hello,Right,0.275021,0.355661,0.0,0.306096,0.318212,-0.003242,0.349612,0.287508,-0.01287,0.387675,0.282905,-0.022022,0.416804,0.286818,-0.032228,0.350971,0.239309,-0.03775,0.402585,0.239652,-0.058245,0.436511,0.2492,-0.068917,0.463908,0.257641,-0.075469,0.340057,0.267226,-0.047186,0.399364,0.276392,-0.068753,0.437271,0.285823,-0.078374,0.466401,0.291355,-0.083877,0.326415,0.311726,-0.055129,0.382095,0.32638,-0.074712,0.418178,0.329461,-0.083043,0.447973,0.325068,-0.087305,0.312086,0.36361,-0.062117,0.352493,0.379082,-0.078911,0.378446,0.378934,-0.084603,0.400557,0.373355,-0.087084
hello,Right,0.270858,0.354953,0.0,0.300007,0.314869,-0.003981,0.339566,0.282979,-0.014696,0.373731,0.276341,-0.02577,0.400266,0.280356,-0.037582,0.339242,0.241297,-0.034672,0.383766,0.225561,-0.058005,0.418147,0.223645,-0.072027,0.446731,0.225322,-0.081203,0.331145,0.264194,-0.044402,0.379987,0.260971,-0.069989,0.419876,0.273432,-0.082963,0.453016,0.286337,-0.090592,0.322304,0.305055,-0.053305,0.369556,0.30781,-0.075789,0.405465,0.317227,-0.084693,0.435319,0.322353,-0.08876,0.314511,0.355752,-0.061769,0.352221,0.363898,-0.080097,0.378173,0.362332,-0.087111,0.401975,0.358027,-0.090523
hello,Right,0.277738,0.345968,0.0,0.306159,0.299505,-0.000916,0.342115,0.268774,-0.010043,0.373994,0.265582,-0.019866,0.40027,0.272624,-0.03068,0.341471,0.219984,-0.02795,0.383274,0.207687,-0.047386,0.416371,0.20909,-0.059376,0.443641,0.212229,-0.067131,0.334107,0.242909,-0.038868,0.386399,0.239351,-0.058708,0.425444,0.240976,-0.070267,0.4568,0.242096,-0.077439,0.326079,0.284631,-0.048634,0.379049,0.288,-0.067188,0.417499,0.2874,-0.076854,0.449013,0.282501,-0.082341,0.317797,0.336876,-0.057483,0.355168,0.345322,-0.073959,0.381802,0.342353,-0.080319,0.406065,0.336626,-0.08344
hello,Right,0.274698,0.353667,0.0,0.306999,0.317053,-0.001281,0.345947,0.287166,-0.011874,0.379421,0.279315,-0.023168,0.407323,0.277739,-0.036037,0.338602,0.224051,-0.034915,0.381829,0.207138,-0.058978,0.417911,0.208355,-0.073377,0.44627,0.214108,-0.082274,0.329541,0.244968,-0.047179,0.383278,0.233361,-0.072109,0.425505,0.235521,-0.085669,0.459299,0.238041,-0.093946,0.320783,0.284908,-0.058282,0.374947,0.28024,-0.081255,0.415175,0.279718,-0.092433,0.448835,0.275357,-0.098487,0.312263,0.336795,-0.068325,0.351402,0.340848,-0.087568,0.379754,0.337289,-0.095071,0.404756,0.332541,-0.099014
hello,Right,0.278173,0.342929,0.0,0.305895,0.298992,0.00021,0.343071,0.263374,-0.010089,0.375557,0.251611,-0.021027,0.401816,0.248864,-0.033983,0.341555,0.218899,-0.035918,0.386884,0.210593,-0.057828,0.420559,0.211326,-0.070307,0.447639,0.212572,-0.078358,0.333098,0.243012,-0.048415,0.390789,0.241054,-0.072062,0.429512,0.242951,-0.084205,0.46059,0.24133,-0.091335,0.323836,0.285239,-0.059041,0.383913,0.287771,-0.080643,0.420967,0.283985,-0.090353,0.451599,0.273751,-0.095504,0.314092,0.336828,-0.068271,0.355082,0.343762,-0.087673,0.38297,0.338786,-0.094864,0.407961,0.329883,-0.098236
hello,Right,0.280827,0.34368,0.0,0.308158,0.297633,-7.7e-05,0.345943,0.261231,-0.010209,0.379358,0.247865,-0.020836,0.406871,0.24337,-0.03322,0.346946,0.213521,-0.037374,0.395784,0.20394,-0.05914,0.429643,0.203064,-0.070808,0.457179,0.201455,-0.078369,0.338318,0.24007,-0.049736,0.396948,0.236751,-0.074289,0.434629,0.237788,-0.085949,0.464884,0.234669,-0.092455,0.329026,0.283839,-0.06025,0.386139,0.288287,-0.082707,0.421891,0.283981,-0.092371,0.452043,0.272081,-0.097207,0.319332,0.336139,-0.069379,0.359064,0.344311,-0.089041,0.384892,0.338615,-0.096057,0.407257,0.328421,-0.099206
hello,Right,0.280584,0.349381,0.0,0.312203,0.303312,0.001666,0.350569,0.266478,-0.010329,0.384424,0.251683,-0.023139,0.413243,0.244795,-0.038236,0.345794,0.216513,-0.04411,0.395431,0.207362,-0.069681,0.430564,0.20596,-0.083521,0.459173,0.204645,-0.09245,0.335055,0.241942,-0.058744,0.394423,0.237312,-0.087338,0.434147,0.239549,-0.100464,0.465891,0.238162,-0.108084,0.325188,0.284948,-0.071088,0.383239,0.283245,-0.096666,0.421266,0.281696,-0.106973,0.453477,0.273809,-0.112224,0.315978,0.336921,-0.081732,0.356963,0.340517,-0.103326,0.385524,0.335377,-0.111109,0.410129,0.328514,-0.115035
hello,Right,0.280929,0.346845,0.0,0.309728,0.300528,0.001036,0.348526,0.262693,-0.009094,0.382807,0.250108,-0.019919,0.409546,0.245788,-0.0328,0.347714,0.214453,-0.038943,0.397886,0.2049,-0.060913,0.431742,0.203224,-0.072779,0.458981,0.19926,-0.080419,0.337547,0.241021,-0.052415,0.399205,0.237937,-0.077667,0.438031,0.238114,-0.089906,0.468199,0.232771,-0.09653,0.327128,0.285862,-0.063597,0.38839,0.286261,-0.086331,0.424753,0.28112,-0.095646,0.454651,0.267202,-0.100057,0.316779,0.338162,-0.073223,0.358649,0.343733,-0.092604,0.386807,0.337982,-0.098752,0.411209,0.328606,-0.101156
hello,Right,0.277989,0.34655,0.0,0.310596,0.306625,0.000844,0.351913,0.269808,-0.008653,0.387489,0.254442,-0.019079,0.414859,0.246751,-0.031426,0.346915,0.21685,-0.036907,0.395688,0.204882,-0.060082,0.431088,0.200678,-0.072914,0.459682,0.196482,-0.081119,0.337079,0.238884,-0.050011,0.395439,0.232239,-0.075046,0.435163,0.231481,-0.087057,0.467126,0.227289,-0.094009,0.326526,0.280089,-0.061342,0.385077,0.278,-0.084045,0.422319,0.274251,-0.093418,0.452768,0.264361,-0.098025,0.316246,0.332054,-0.071385,0.358176,0.334751,-0.091173,0.386423,0.329142,-0.098451,0.410259,0.320344,-0.101814
hello,Right,0.279814,0.34841,0.0,0.31372,0.314604,0.000349,0.353289,0.279314,-0.009244,0.386489,0.262843,-0.019739,0.412384,0.250676,-0.031841,0.348375,0.216068,-0.035629,0.396733,0.199812,-0.058868,0.432086,0.192348,-0.072049,0.460625,0.1861,-0.080436,0.338879,0.236487,-0.048682,0.397163,0.227785,-0.074489,0.437698,0.224719,-0.087763,0.470926,0.219247,-0.095254,0.327971,0.276739,-0.059925,0.386584,0.271421,-0.082961,0.423867,0.26541,-0.092547,0.45484,0.254648,-0.097031,0.317044,0.327904,-0.069945,0.357294,0.328503,-0.089412,0.385299,0.319953,-0.096109,0.409284,0.308491,-0.098867
hello,Right,0.284989,0.354573,0.0,0.328256,0.347128,-0.001041,0.371253,0.303286,-0.005965,0.402888,0.26216,-0.013273,0.428881,0.23307,-0.019586,0.359206,0.220345,-0.005595,0.40152,0.220942,-0.024505,0.417041,0.252257,-0.037631,0.419399,0.271777,-0.044537,0.349725,0.226675,-0.013022,0.397189,0.232777,-0.029992,0.404353,0.275343,-0.0379,0.398504,0.300604,-0.041825,0.340149,0.249378,-0.021603,0.387197,0.257823,-0.037392,0.389981,0.305529,-0.03768,0.380333,0.332603,-0.035207,0.331529,0.28041,-0.03032,0.36767,0.291542,-0.040967,0.370972,0.325243,-0.040069,0.363482,0.347134,-0.037665
hello,Right,0.277178,0.362864,0.0,0.335372,0.389459,-0.00259,0.386482,0.360286,-0.001363,0.416695,0.311092,-0.00321,0.432914,0.272614,-0.005814,0.405552,0.280479,0.011659,0.445597,0.225073,-0.000365,0.468617,0.199802,-0.013389,0.489457,0.178498,-0.023337,0.396562,0.259291,0.003278,0.439017,0.203056,-0.009904,0.46969,0.168147,-0.024085,0.497359,0.135474,-0.034425,0.379621,0.249348,-0.007813,0.419875,0.193119,-0.022719,0.444882,0.157089,-0.03458,0.466673,0.125795,-0.041886,0.355664,0.247794,-0.019676,0.384599,0.215687,-0.032156,0.404313,0.191031,-0.039031,0.422494,0.165607,-0.04389
hello,Right,0.287985,0.369835,0.0,0.33978,0.396952,-0.008876,0.38904,0.376594,-0.011203,0.42015,0.33364,-0.015074,0.445353,0.302841,-0.019654,0.417623,0.289477,-0.000681,0.460272,0.241386,-0.01477,0.484291,0.211581,-0.028359,0.506306,0.183648,-0.038436,0.406496,0.259743,-0.007313,0.453004,0.203366,-0.019787,0.481868,0.16683,-0.032909,0.505992,0.134119,-0.043117,0.387199,0.240093,-0.016666,0.430654,0.181311,-0.030324,0.456102,0.145742,-0.040706,0.47805,0.115226,-0.047773,0.360157,0.226014,-0.02734,0.393161,0.185366,-0.040937,0.415999,0.158078,-0.048363,0.437125,0.130897,-0.053389
hello,Right,0.28635,0.355484,0.0,0.335908,0.389955,-0.010832,0.386091,0.386939,-0.012338,0.421555,0.354946,-0.014956,0.445889,0.319438,-0.017838,0.418599,0.2958,0.004005,0.460071,0.262747,-0.0072,0.484218,0.240401,-0.019597,0.507107,0.219501,-0.02927,0.409711,0.258188,-0.000822,0.45698,0.213641,-0.011516,0.487629,0.186047,-0.024358,0.515134,0.162268,-0.03428,0.392806,0.230697,-0.008727,0.437146,0.183932,-0.02107,0.46507,0.158318,-0.030976,0.490835,0.135931,-0.037698,0.367459,0.208582,-0.01821,0.40251,0.173042,-0.030164,0.425859,0.15181,-0.036094,0.448491,0.130376,-0.040012
hello,Right,0.287359,0.33613,0.0,0.337726,0.376193,-0.008606,0.386413,0.380357,-0.009231,0.422833,0.353989,-0.011136,0.446346,0.319222,-0.013534,0.419432,0.297665,0.00616,0.464867,0.266144,-0.004202,0.48961,0.24413,-0.01613,0.512275,0.223829,-0.025123,0.411997,0.259039,0.001306,0.4623,0.220076,-0.007846,0.493854,0.193955,-0.020191,0.520498,0.171003,-0.02985,0.397208,0.227778,-0.006346,0.443769,0.189189,-0.016123,0.472391,0.168062,-0.02492,0.497641,0.149749,-0.031261,0.374316,0.197845,-0.015449,0.41082,0.16998,-0.024644,0.434693,0.154511,-0.028885,0.457624,0.138702,-0.031832
hello,Right,0.28998,0.315342,0.0,0.33695,0.365816,-0.007816,0.38428,0.379317,-0.007427,0.421177,0.356293,-0.008133,0.442939,0.322806,-0.009356,0.418634,0.30078,0.006228,0.463636,0.273277,-0.003085,0.488412,0.252158,-0.014182,0.510472,0.232511,-0.022635,0.413715,0.259803,0.002177,0.46263,0.226195,-0.005849,0.49299,0.202704,-0.017506,0.518384,0.180917,-0.026699,0.401075,0.226156,-0.004368,0.44597,0.190913,-0.012965,0.473193,0.170315,-0.021597,0.497032,0.151122,-0.027936,0.380324,0.194548,-0.012215,0.41597,0.168696,-0.020357,0.438894,0.154983,-0.024687,0.461104,0.140596,-0.027802
hello,Right,0.297409,0.299189,0.0,0.339256,0.352609,-0.007839,0.384471,0.373371,-0.007172,0.420597,0.358874,-0.007247,0.439523,0.326667,-0.007882,0.420316,0.301403,0.004764,0.463216,0.276766,-0.004077,0.487349,0.257744,-0.014509,0.50858,0.240106,-0.02242,0.415737,0.259349,0.001117,0.463792,0.23029,-0.006949,0.493742,0.21111,-0.018343,0.518043,0.193588,-0.026898,0.40304,0.225033,-0.004779,0.446965,0.190526,-0.014017,0.474439,0.171854,-0.02317,0.497782,0.156152,-0.029398,0.382587,0.192567,-0.011862,0.417415,0.169503,-0.02083,0.439419,0.156944,-0.025773,0.460474,0.14538,-0.029015
hello,Right,0.303934,0.28965,0.0,0.343882,0.344281,-0.007171,0.385088,0.368962,-0.007068,0.420823,0.361001,-0.007803,0.440951,0.329889,-0.009282,0.421774,0.30391,0.004899,0.465238,0.282247,-0.003698,0.489602,0.264528,-0.014299,0.510819,0.248554,-0.022196,0.41838,0.262284,0.001172,0.466513,0.235894,-0.005749,0.496226,0.218094,-0.016621,0.520215,0.202727,-0.025118,0.407179,0.226931,-0.00463,0.451356,0.198815,-0.012222,0.477959,0.184242,-0.020021,0.500215,0.172462,-0.025697,0.388618,0.192692,-0.011627,0.422629,0.173199,-0.018656,0.443659,0.164191,-0.021834,0.463142,0.15615,-0.023993
hello,Right,0.31234,0.280529,0.0,0.346205,0.337296,-0.009757,0.388448,0.369815,-0.010827,0.42629,0.36594,-0.011947,0.446772,0.333433,-0.013881,0.425627,0.307611,-0.000376,0.468451,0.292258,-0.009499,0.492968,0.278027,-0.019968,0.514105,0.263662,-0.027849,0.423241,0.267422,-0.003203,0.469683,0.248516,-0.010479,0.499525,0.234711,-0.021053,0.524008,0.220273,-0.029582,0.413016,0.23259,-0.008077,0.456627,0.211692,-0.016081,0.483733,0.201215,-0.024297,0.506197,0.191168,-0.03033,0.396234,0.196484,-0.014245,0.432111,0.178899,-0.022072,0.455375,0.170581,-0.0263,0.477088,0.162821,-0.029331
hello,Right,0.317283,0.274861,0.0,0.350442,0.33647,-0.007672,0.391781,0.371284,-0.007528,0.429745,0.367566,-0.007823,0.447231,0.330391,-0.008867,0.428493,0.311628,0.003755,0.471166,0.2976,-0.003529,0.495648,0.284346,-0.012988,0.51569,0.271959,-0.020368,0.427382,0.271603,0.000466,0.473985,0.254608,-0.004878,0.503509,0.243867,-0.014673,0.527042,0.233308,-0.022889,0.418473,0.23695,-0.004794,0.46224,0.216737,-0.011026,0.488918,0.209887,-0.019224,0.510563,0.204098,-0.025665,0.402707,0.202058,-0.011235,0.437014,0.184347,-0.017271,0.459092,0.178006,-0.021178,0.479562,0.173615,-0.024478
hello,Right,0.321722,0.274206,0.0,0.355577,0.332314,-0.006806,0.39583,0.364683,-0.006466,0.431639,0.362216,-0.006699,0.449684,0.329843,-0.007798,0.430243,0.309543,0.003933,0.470773,0.29528,-0.003555,0.494433,0.281235,-0.012976,0.515368,0.267362,-0.020267,0.429177,0.2708,0.000323,0.474294,0.254824,-0.005754,0.503508,0.242918,-0.015878,0.527851,0.230645,-0.023934,0.420609,0.236044,-0.005129,0.463024,0.218597,-0.011984,0.489003,0.210985,-0.020011,0.511342,0.203617,-0.025974,0.405208,0.199524,-0.01159,0.439173,0.1845,-0.018123,0.460617,0.179321,-0.02179,0.4814,0.175487,-0.024567
hello,Right,0.320188,0.275917,0.0,0.352665,0.333708,-0.007181,0.394307,0.364883,-0.006067,0.430507,0.362861,-0.00542,0.448386,0.332277,-0.005585,0.4303,0.309191,0.003981,0.471343,0.294712,-0.003459,0.495072,0.280822,-0.012719,0.515935,0.267071,-0.019895,0.428829,0.269912,0.000728,0.474416,0.25358,-0.005634,0.503899,0.241595,-0.015684,0.528098,0.229633,-0.023531,0.41981,0.23475,-0.004482,0.462758,0.21719,-0.01194,0.488876,0.210249,-0.020112,0.511098,0.204273,-0.025998,0.403981,0.1981,-0.010751,0.438031,0.184843,-0.018274,0.459176,0.180866,-0.022478,0.479516,0.179038,-0.025479
hello,Right,0.31722,0.277343,0.0,0.352413,0.340354,-0.006996,0.394101,0.373458,-0.006014,0.432617,0.367854,-0.005513,0.448249,0.328908,-0.005836,0.428742,0.3122,0.005806,0.47101,0.299037,-0.00058,0.494952,0.285131,-0.009659,0.515227,0.272181,-0.01693,0.427228,0.272337,0.002685,0.473907,0.255272,-0.001738,0.503256,0.244189,-0.011497,0.527239,0.233335,-0.019778,0.418052,0.237314,-0.002377,0.461872,0.218197,-0.008164,0.488776,0.210999,-0.016651,0.511405,0.204623,-0.023332,0.402016,0.201553,-0.00853,0.435602,0.183972,-0.014639,0.457059,0.178686,-0.018696,0.477273,0.174933,-0.022035
hello,Right,0.316832,0.279668,0.0,0.351804,0.340167,-0.005774,0.394212,0.372814,-0.005127,0.432161,0.366973,-0.005292,0.448848,0.328647,-0.006512,0.428589,0.314245,0.004759,0.471301,0.29752,-0.002492,0.495581,0.283649,-0.011782,0.516084,0.270557,-0.019146,0.426407,0.275482,0.000305,0.47354,0.257144,-0.00518,0.502502,0.245426,-0.014785,0.526173,0.233805,-0.022817,0.416649,0.240859,-0.005949,0.461586,0.220122,-0.012886,0.48846,0.212433,-0.02095,0.511001,0.205806,-0.027167,0.400815,0.204784,-0.013112,0.435694,0.186628,-0.019859,0.457754,0.180725,-0.02365,0.478742,0.176646,-0.026774
hello,Right,0.318535,0.284814,0.0,0.354352,0.344415,-0.005834,0.394395,0.373559,-0.004678,0.430167,0.369621,-0.004501,0.449544,0.335913,-0.005111,0.428616,0.315776,0.008002,0.469812,0.300106,0.001046,0.493354,0.285266,-0.008534,0.514395,0.271193,-0.016013,0.42722,0.27718,0.004076,0.472999,0.259198,-0.001401,0.502271,0.246651,-0.011805,0.526535,0.234169,-0.020116,0.41846,0.24303,-0.001867,0.461108,0.223416,-0.008506,0.48711,0.215061,-0.016364,0.509673,0.207636,-0.022207,0.402753,0.207255,-0.008842,0.436026,0.192496,-0.015306,0.456583,0.188036,-0.018531,0.47648,0.184806,-0.020934
hello,Right,0.317754,0.286531,0.0,0.353513,0.346143,-0.006564,0.394328,0.375837,-0.005705,0.430912,0.372783,-0.005656,0.451165,0.341203,-0.00635,0.429179,0.316723,0.007234,0.471089,0.300399,0.000366,0.494831,0.286084,-0.009056,0.515848,0.273249,-0.016437,0.427433,0.277744,0.003733,0.473451,0.259886,-0.001556,0.502205,0.247771,-0.01172,0.525946,0.236309,-0.019926,0.418456,0.243343,-0.001822,0.46159,0.224298,-0.008246,0.487744,0.216057,-0.015887,0.510377,0.209156,-0.021681,0.402553,0.20751,-0.008478,0.436543,0.192832,-0.014867,0.45734,0.188603,-0.018044,0.477493,0.186184,-0.020447
hello,Right,0.318832,0.288919,0.0,0.355274,0.348391,-0.006042,0.395963,0.37795,-0.004522,0.432478,0.371726,-0.003889,0.45252,0.341302,-0.003877,0.429774,0.318752,0.009002,0.471738,0.302692,0.002706,0.495212,0.287917,-0.006479,0.516028,0.274833,-0.01373,0.428161,0.279207,0.005543,0.474237,0.261145,0.000746,0.503237,0.248925,-0.009697,0.527402,0.237682,-0.018158,0.419308,0.244755,2.1e-05,0.462462,0.224835,-0.005956,0.48872,0.216003,-0.01403,0.511824,0.20916,-0.0202,0.403528,0.209308,-0.006557,0.43714,0.193898,-0.012637,0.457665,0.189008,-0.016022,0.477896,0.186324,-0.018607
welcome,Right,0.277977,0.606638,1e-06,0.303257,0.60393,-0.053629,0.303805,0.555781,-0.080342,0.271834,0.510059,-0.098938,0.248297,0.463819,-0.117993,0.319836,0.443572,-0.06549,0.331856,0.358149,-0.095963,0.338601,0.302291,-0.114646,0.346183,0.257481,-0.126735,0.286476,0.424661,-0.054171,0.280063,0.330143,-0.087067,0.276313,0.279066,-0.10588,0.282459,0.234933,-0.115153,0.256132,0.435061,-0.047141,0.229404,0.383697,-0.087865,0.229629,0.413772,-0.104115,0.247507,0.438767,-0.107138,0.233188,0.462688,-0.043221,0.215172,0.454159,-0.080164,0.221833,0.490396,-0.093109,0.240778,0.52347,-0.096337
welcome,Right,0.247362,0.711602,1e-06,0.287649,0.684366,-0.049515,0.302613,0.593421,-0.07595,0.265663,0.517225,-0.098318,0.229201,0.46299,-0.119897,0.307557,0.444382,-0.050605,0.331172,0.330447,-0.079022,0.34569,0.255399,-0.09688,0.356287,0.192308,-0.109175,0.260648,0.437077,-0.049257,0.248955,0.294787,-0.08416,0.244933,0.207051,-0.104647,0.239441,0.134182,-0.11426,0.218255,0.466347,-0.052717,0.212236,0.396468,-0.105936,0.235609,0.477541,-0.12082,0.25352,0.535057,-0.117591,0.183177,0.516251,-0.058882,0.190708,0.479359,-0.107184,0.21197,0.547058,-0.115748,0.227068,0.599628,-0.112337
welcome,Right,0.263749,0.65975,0.0,0.297606,0.629384,-0.026692,0.29741,0.567467,-0.045082,0.26459,0.519841,-0.061932,0.239308,0.482142,-0.079403,0.305209,0.4515,-0.041846,0.326881,0.354686,-0.067088,0.34054,0.289746,-0.083415,0.350444,0.234104,-0.094963,0.274298,0.449822,-0.043318,0.256496,0.341223,-0.069794,0.247745,0.299892,-0.081515,0.246476,0.26898,-0.087152,0.246239,0.473666,-0.047148,0.217531,0.429104,-0.078683,0.228077,0.491622,-0.083039,0.246677,0.537979,-0.079158,0.225517,0.51452,-0.052724,0.208034,0.490079,-0.079686,0.21885,0.535285,-0.082248,0.236223,0.570433,-0.078823
welcome,Right,0.224082,0.799182,0.0,0.280752,0.737687,-0.024594,0.301733,0.616723,-0.029846,0.269775,0.53966,-0.036576,0.230958,0.507014,-0.043901,0.302698,0.462536,-0.008116,0.329164,0.338454,-0.018921,0.342449,0.259433,-0.027771,0.352206,0.188936,-0.036144,0.254192,0.46034,-0.01515,0.238344,0.298382,-0.033339,0.227159,0.19867,-0.049693,0.215687,0.115079,-0.059041,0.208663,0.498416,-0.025984,0.207324,0.427591,-0.06606,0.226395,0.515571,-0.082179,0.237631,0.582684,-0.081219,0.172566,0.561871,-0.03787,0.176785,0.501141,-0.073733,0.19704,0.561169,-0.080234,0.212335,0.617097,-0.077183
welcome,Right,0.224665,0.848084,0.0,0.280628,0.780281,-0.028484,0.297821,0.658453,-0.037294,0.266808,0.571911,-0.047633,0.242582,0.518165,-0.05671,0.299297,0.481602,-0.012979,0.32756,0.34367,-0.028556,0.342084,0.264,-0.039727,0.353505,0.191174,-0.048994,0.246961,0.48526,-0.018748,0.228068,0.312664,-0.042473,0.217624,0.21292,-0.060507,0.209019,0.133784,-0.070801,0.199861,0.527673,-0.028794,0.20083,0.450239,-0.073451,0.21916,0.533731,-0.089014,0.228749,0.602034,-0.087384,0.163895,0.59388,-0.040273,0.171988,0.548089,-0.081105,0.192452,0.614547,-0.088866,0.205744,0.673978,-0.085553
welcome,Right,0.225775,0.883977,0.0,0.277066,0.811353,-0.022918,0.294603,0.690167,-0.030014,0.256082,0.612784,-0.039571,0.218745,0.576634,-0.048425,0.29978,0.513116,-0.010906,0.328754,0.37235,-0.026495,0.344437,0.284971,-0.036805,0.353999,0.206416,-0.044742,0.247012,0.511044,-0.01934,0.231121,0.338308,-0.043991,0.21778,0.231796,-0.062256,0.204049,0.146147,-0.071128,0.200006,0.549394,-0.031021,0.196316,0.485037,-0.073909,0.216522,0.568559,-0.089891,0.228367,0.635417,-0.087551,0.164576,0.612659,-0.043859,0.173844,0.585866,-0.08039,0.198835,0.652449,-0.086802,0.216592,0.711929,-0.082281
welcome,Right,0.22765,0.917747,0.0,0.282122,0.850184,-0.026702,0.303261,0.731815,-0.037707,0.259387,0.663036,-0.051317,0.213656,0.634484,-0.064682,0.304005,0.543015,-0.017345,0.330873,0.397043,-0.037489,0.347035,0.308962,-0.050096,0.355855,0.231047,-0.058926,0.249438,0.542428,-0.027073,0.231596,0.36409,-0.056573,0.21643,0.255845,-0.076624,0.200746,0.167498,-0.085465,0.201222,0.585716,-0.040367,0.194549,0.526414,-0.08868,0.214508,0.623553,-0.103548,0.228878,0.69253,-0.098333,0.162625,0.65405,-0.054972,0.167155,0.61833,-0.092669,0.192355,0.692439,-0.095315,0.213176,0.752995,-0.087344
welcome,Right,0.229706,0.929334,0.0,0.287646,0.87876,-0.03358,0.313459,0.769477,-0.048165,0.269247,0.690362,-0.063518,0.226982,0.652178,-0.078249,0.308264,0.565965,-0.030144,0.33662,0.418641,-0.052802,0.351602,0.330389,-0.066522,0.361653,0.250442,-0.07655,0.25057,0.562535,-0.036493,0.230511,0.385245,-0.067916,0.216258,0.275691,-0.089026,0.20213,0.185971,-0.099629,0.201405,0.600635,-0.046356,0.196715,0.538429,-0.097225,0.22032,0.631232,-0.114289,0.236455,0.702341,-0.111821,0.162185,0.663615,-0.057918,0.169742,0.637945,-0.101135,0.196941,0.714928,-0.108524,0.21838,0.777912,-0.104055
welcome,Right,0.231581,0.942358,0.0,0.286815,0.8977,-0.030188,0.313561,0.791148,-0.044044,0.267615,0.721005,-0.060001,0.221381,0.691416,-0.076175,0.306683,0.588144,-0.027279,0.334852,0.438801,-0.052912,0.352488,0.345992,-0.06814,0.363061,0.264698,-0.077964,0.25025,0.583179,-0.035723,0.229785,0.40109,-0.071564,0.213364,0.288837,-0.093998,0.196914,0.197973,-0.102957,0.201904,0.621687,-0.047429,0.196511,0.566463,-0.101324,0.216012,0.66563,-0.116041,0.230647,0.736176,-0.109016,0.162149,0.686209,-0.060518,0.166076,0.65908,-0.102509,0.19374,0.735447,-0.105508,0.218048,0.796992,-0.096422
welcome,Right,0.234052,0.924824,1e-06,0.288749,0.902416,-0.037721,0.316073,0.798856,-0.05735,0.268832,0.72018,-0.076868,0.223876,0.674843,-0.097641,0.310001,0.597136,-0.044297,0.336165,0.45614,-0.074993,0.355068,0.364216,-0.093514,0.367008,0.281969,-0.105442,0.253171,0.595701,-0.04994,0.231175,0.420809,-0.092327,0.217175,0.308771,-0.117298,0.201853,0.209322,-0.127528,0.204029,0.63382,-0.058586,0.197855,0.582367,-0.119543,0.220209,0.687909,-0.134048,0.237155,0.756122,-0.126454,0.164505,0.693868,-0.068659,0.168927,0.668422,-0.116853,0.1965,0.752526,-0.119677,0.220008,0.812366,-0.110253
welcome,Right,0.233424,0.932286,0.0,0.292325,0.902998,-0.034988,0.320087,0.800226,-0.052528,0.275115,0.727857,-0.071049,0.228503,0.687746,-0.09075,0.314048,0.596536,-0.037801,0.339285,0.452813,-0.065004,0.356117,0.36166,-0.081965,0.367932,0.279419,-0.093459,0.256731,0.596313,-0.044823,0.232036,0.429926,-0.084159,0.21649,0.316894,-0.108804,0.203465,0.217134,-0.11949,0.207279,0.633951,-0.054863,0.200602,0.588196,-0.112079,0.221365,0.697124,-0.127199,0.239813,0.76863,-0.120874,0.168145,0.693925,-0.066327,0.167373,0.666555,-0.111277,0.194353,0.74949,-0.113767,0.220765,0.812965,-0.104464
welcome,Right,0.232385,0.908913,0.0,0.288401,0.894579,-0.036387,0.317002,0.80219,-0.056342,0.275148,0.72298,-0.076395,0.235138,0.669797,-0.097577,0.31323,0.599846,-0.0411,0.3381,0.455064,-0.072895,0.354563,0.36295,-0.09315,0.365034,0.283966,-0.106249,0.258477,0.59698,-0.048666,0.237987,0.427034,-0.091025,0.219463,0.322611,-0.115535,0.203998,0.227333,-0.124963,0.209723,0.632522,-0.059799,0.202621,0.575135,-0.120345,0.217552,0.67511,-0.133884,0.23371,0.735225,-0.126102,0.169081,0.69185,-0.072428,0.171778,0.663059,-0.120628,0.196733,0.747769,-0.122243,0.22175,0.806199,-0.112029
welcome,Right,0.227839,0.875354,0.0,0.29189,0.879842,-0.040805,0.319389,0.791017,-0.061658,0.275766,0.706981,-0.080215,0.23423,0.66183,-0.100402,0.31534,0.584346,-0.048055,0.337045,0.445432,-0.075836,0.351551,0.354713,-0.093998,0.361357,0.277169,-0.107197,0.2615,0.585537,-0.0506,0.23762,0.446397,-0.090163,0.217403,0.353351,-0.113692,0.203622,0.267882,-0.12442,0.212806,0.620001,-0.056344,0.204338,0.567431,-0.112079,0.222751,0.645551,-0.128677,0.243387,0.698535,-0.126381,0.172737,0.67496,-0.063706,0.172024,0.649431,-0.111982,0.196584,0.727066,-0.118304,0.223408,0.788735,-0.112886
welcome,Right,0.246691,0.795809,1e-06,0.304883,0.777365,-0.043937,0.318001,0.733094,-0.073364,0.276691,0.704018,-0.098002,0.233091,0.688727,-0.124494,0.317685,0.571779,-0.072762,0.329993,0.450392,-0.102712,0.344728,0.371674,-0.124853,0.355788,0.293657,-0.141631,0.274339,0.562873,-0.067537,0.244258,0.46802,-0.102462,0.224306,0.410828,-0.120352,0.213997,0.344412,-0.130818,0.232393,0.59308,-0.0635,0.205926,0.588826,-0.095055,0.216443,0.678544,-0.099958,0.239031,0.720635,-0.097916,0.200016,0.641057,-0.062943,0.187851,0.654731,-0.083851,0.207164,0.720592,-0.080346,0.232024,0.764124,-0.074353
welcome,Right,0.23757,0.89103,1e-06,0.294013,0.869659,-0.044681,0.315681,0.770451,-0.068349,0.269639,0.692664,-0.0902,0.225594,0.652618,-0.112823,0.309198,0.570354,-0.053034,0.330262,0.428251,-0.083704,0.348067,0.340992,-0.102481,0.360198,0.264646,-0.114891,0.253483,0.573577,-0.055186,0.231669,0.409557,-0.097956,0.218311,0.29967,-0.12271,0.204763,0.203145,-0.133592,0.204232,0.613134,-0.060767,0.198557,0.560935,-0.119866,0.217763,0.664303,-0.133475,0.233721,0.731403,-0.126155,0.165675,0.673246,-0.068552,0.171537,0.638923,-0.115905,0.198605,0.720722,-0.119178,0.221572,0.781604,-0.110554
welcome,Right,0.235964,0.887292,1e-06,0.294362,0.854581,-0.044351,0.317275,0.762974,-0.068232,0.270068,0.68452,-0.090009,0.222499,0.652976,-0.112062,0.309683,0.565159,-0.052632,0.332754,0.422439,-0.083574,0.347542,0.334128,-0.104153,0.356556,0.25647,-0.11846,0.252474,0.565052,-0.053428,0.229266,0.404675,-0.095522,0.215586,0.29497,-0.121624,0.202301,0.201308,-0.134657,0.203411,0.605601,-0.057354,0.19969,0.546195,-0.112014,0.222271,0.652512,-0.124682,0.239743,0.724418,-0.118355,0.164467,0.667509,-0.063616,0.171684,0.630161,-0.107397,0.197404,0.708716,-0.110082,0.218923,0.765491,-0.101986
welcome,Right,0.239115,0.891414,1e-06,0.293496,0.861616,-0.037328,0.313549,0.755721,-0.056102,0.26671,0.685096,-0.075189,0.221119,0.654091,-0.095026,0.30723,0.557557,-0.034814,0.331424,0.416478,-0.061085,0.345609,0.329365,-0.077744,0.355065,0.255045,-0.089229,0.250725,0.55949,-0.040911,0.23108,0.385657,-0.077843,0.217562,0.280494,-0.101351,0.202662,0.193376,-0.111832,0.202133,0.602081,-0.050856,0.196436,0.527775,-0.109054,0.21949,0.631697,-0.12477,0.235503,0.705503,-0.118647,0.161725,0.667348,-0.062251,0.167612,0.619531,-0.111908,0.193501,0.701776,-0.117246,0.213637,0.763729,-0.109646
welcome,Right,0.235765,0.890258,1e-06,0.290134,0.859943,-0.033412,0.310444,0.749354,-0.048406,0.262941,0.675931,-0.064229,0.217537,0.640848,-0.080574,0.305004,0.55591,-0.027518,0.330032,0.412852,-0.051551,0.34476,0.326073,-0.066352,0.355002,0.250625,-0.076631,0.249564,0.555982,-0.0346,0.233228,0.383892,-0.069358,0.218569,0.281038,-0.092156,0.202953,0.194533,-0.10209,0.202083,0.596313,-0.045399,0.195827,0.519734,-0.102319,0.215531,0.619803,-0.118474,0.229736,0.691528,-0.112646,0.161906,0.66083,-0.057342,0.164497,0.618884,-0.106384,0.190376,0.700225,-0.112378,0.211802,0.762363,-0.105069
welcome,Right,0.24024,0.879152,1e-06,0.294107,0.846916,-0.041461,0.308695,0.741661,-0.063088,0.256829,0.665797,-0.083528,0.214086,0.627145,-0.104542,0.306455,0.547593,-0.045347,0.330755,0.405741,-0.072468,0.344757,0.319272,-0.088476,0.353821,0.244409,-0.099144,0.250429,0.551182,-0.048205,0.226852,0.379088,-0.084605,0.212957,0.274023,-0.106031,0.199705,0.184531,-0.115349,0.203031,0.594218,-0.054758,0.196716,0.53391,-0.108647,0.217712,0.637167,-0.121111,0.234185,0.702619,-0.11387,0.165503,0.658426,-0.063284,0.169655,0.615713,-0.106444,0.19461,0.693348,-0.10847,0.215564,0.746611,-0.099593
welcome,Right,0.234554,0.917133,0.0,0.288685,0.863394,-0.030875,0.313297,0.752728,-0.04456,0.270162,0.683504,-0.059779,0.226212,0.647581,-0.074868,0.307046,0.554791,-0.026088,0.33343,0.409382,-0.047915,0.347112,0.322866,-0.061614,0.355893,0.246543,-0.071197,0.251568,0.553704,-0.033583,0.233602,0.378054,-0.064268,0.217948,0.273219,-0.085213,0.202104,0.188581,-0.095151,0.203584,0.595187,-0.04433,0.199313,0.531131,-0.093556,0.219908,0.626663,-0.107937,0.23275,0.696449,-0.103158,0.164717,0.66097,-0.056574,0.172785,0.621609,-0.096561,0.198948,0.697707,-0.099746,0.218588,0.760641,-0.092165
welcome,Right,0.233799,0.916267,0.0,0.289092,0.857829,-0.027548,0.312792,0.745886,-0.039867,0.268708,0.678781,-0.054356,0.222918,0.646324,-0.069121,0.305779,0.548429,-0.022293,0.331866,0.406262,-0.042615,0.3465,0.321512,-0.055861,0.356637,0.244246,-0.065722,0.249965,0.549041,-0.031159,0.231858,0.3788,-0.059249,0.216794,0.273547,-0.07947,0.201588,0.185568,-0.090115,0.201843,0.591779,-0.043158,0.19623,0.525565,-0.090152,0.218558,0.620397,-0.104872,0.232744,0.691514,-0.101322,0.16252,0.659266,-0.056431,0.168673,0.614821,-0.095047,0.195952,0.688963,-0.098543,0.217039,0.753848,-0.091873
welcome,Right,0.230291,0.916495,0.0,0.285877,0.853812,-0.026074,0.309591,0.739746,-0.037592,0.26743,0.669705,-0.051469,0.219138,0.643706,-0.065458,0.305034,0.546828,-0.019737,0.331963,0.400578,-0.038515,0.346253,0.314928,-0.050837,0.354937,0.237615,-0.060363,0.249019,0.547301,-0.028996,0.230876,0.374777,-0.056922,0.215135,0.26887,-0.077009,0.199121,0.181467,-0.087454,0.201284,0.588989,-0.041238,0.193701,0.519203,-0.08627,0.215162,0.611074,-0.100754,0.229469,0.681823,-0.097525,0.16301,0.655035,-0.05482,0.166326,0.616124,-0.091306,0.191892,0.687008,-0.094883,0.213056,0.748386,-0.088754
welcome,Right,0.228552,0.918584,0.0,0.283705,0.854429,-0.027239,0.307258,0.739024,-0.039029,0.263637,0.668629,-0.053117,0.215441,0.643958,-0.067056,0.304112,0.547328,-0.021686,0.331029,0.40309,-0.042733,0.345855,0.315874,-0.055977,0.354278,0.237739,-0.065795,0.248316,0.546465,-0.031494,0.229383,0.371699,-0.061808,0.214441,0.267318,-0.081959,0.19972,0.181648,-0.091824,0.200302,0.589393,-0.044619,0.193283,0.523295,-0.092676,0.214457,0.618606,-0.106807,0.229045,0.689728,-0.102318,0.161486,0.657434,-0.059246,0.166516,0.623139,-0.097498,0.192462,0.694774,-0.101183,0.213653,0.75508,-0.094632
welcome,Right,0.228729,0.916113,0.0,0.282305,0.852456,-0.02734,0.305914,0.738537,-0.038778,0.263398,0.670444,-0.052591,0.217774,0.641931,-0.06589,0.303036,0.546839,-0.019162,0.329553,0.401196,-0.040981,0.344665,0.312178,-0.054923,0.354248,0.233102,-0.0648,0.24636,0.544399,-0.028352,0.225998,0.367265,-0.058942,0.213674,0.260588,-0.079193,0.202084,0.174698,-0.088622,0.199068,0.585652,-0.041196,0.19135,0.521582,-0.090116,0.213473,0.618371,-0.104521,0.228258,0.689194,-0.099517,0.161629,0.651713,-0.055571,0.166891,0.624765,-0.094854,0.191096,0.697852,-0.099031,0.210729,0.756347,-0.092298
welcome,Right,0.229972,0.913319,0.0,0.283425,0.852024,-0.029026,0.304555,0.739567,-0.042124,0.265061,0.671748,-0.057416,0.219928,0.643474,-0.072417,0.301975,0.545691,-0.022549,0.328032,0.399878,-0.0456,0.343709,0.309018,-0.060446,0.353138,0.229846,-0.070802,0.246178,0.543293,-0.03123,0.225968,0.367024,-0.062459,0.2125,0.260403,-0.082823,0.199197,0.175578,-0.092253,0.1991,0.585493,-0.043595,0.189725,0.520306,-0.09254,0.211933,0.617589,-0.106419,0.227833,0.688903,-0.101049,0.161554,0.653903,-0.057658,0.164415,0.616399,-0.096467,0.190065,0.68873,-0.099929,0.212061,0.749848,-0.092713
welcome,Right,0.230942,0.909528,0.0,0.284703,0.845403,-0.027466,0.303853,0.730605,-0.040702,0.259236,0.66386,-0.056028,0.212692,0.634273,-0.071476,0.303067,0.548237,-0.025192,0.329208,0.401231,-0.047646,0.343946,0.311292,-0.061531,0.353066,0.230452,-0.071324,0.246919,0.545786,-0.034475,0.228416,0.370526,-0.065664,0.212603,0.262014,-0.085817,0.196446,0.173813,-0.094996,0.198426,0.586587,-0.046878,0.191047,0.522857,-0.095996,0.213031,0.622053,-0.110031,0.227799,0.694925,-0.104665,0.1602,0.653781,-0.060654,0.164775,0.62076,-0.100259,0.191384,0.695178,-0.103788,0.212894,0.756683,-0.096432
welcome,Right,0.23052,0.907062,0.0,0.283863,0.848852,-0.029209,0.302413,0.733227,-0.043567,0.259152,0.666099,-0.060042,0.21453,0.632976,-0.076667,0.301858,0.546278,-0.024943,0.33014,0.400827,-0.046853,0.345367,0.313284,-0.06029,0.355459,0.235791,-0.069936,0.247309,0.545928,-0.033557,0.230383,0.371522,-0.064625,0.214728,0.262593,-0.084874,0.198293,0.172854,-0.094351,0.200327,0.587421,-0.045584,0.192515,0.515564,-0.095689,0.213399,0.616423,-0.109715,0.227816,0.691643,-0.104241,0.163237,0.654772,-0.058967,0.168351,0.606353,-0.099615,0.195734,0.681774,-0.103016,0.218276,0.747809,-0.095532
welcome,Right,0.229056,0.894835,1e-06,0.283361,0.848634,-0.032586,0.301927,0.737154,-0.0484,0.257383,0.666124,-0.065298,0.213583,0.627725,-0.082002,0.299069,0.547092,-0.031437,0.325096,0.399701,-0.056794,0.340482,0.309182,-0.071735,0.350132,0.230211,-0.081553,0.244316,0.542723,-0.038737,0.225542,0.365267,-0.074012,0.210803,0.25787,-0.095215,0.195032,0.17124,-0.103789,0.197366,0.582108,-0.049532,0.190508,0.518617,-0.103781,0.212167,0.61724,-0.11858,0.226968,0.688713,-0.112001,0.160793,0.647509,-0.061743,0.167958,0.612516,-0.105417,0.196441,0.687848,-0.109768,0.218793,0.749159,-0.101862
welcome,Right,0.230625,0.874523,1e-06,0.283627,0.843321,-0.03514,0.299191,0.727063,-0.050416,0.254486,0.649097,-0.065555,0.212628,0.614517,-0.080957,0.298432,0.548014,-0.032514,0.324381,0.400956,-0.058612,0.339813,0.312001,-0.074178,0.35039,0.237068,-0.084396,0.244167,0.54684,-0.037789,0.225236,0.372463,-0.074669,0.211064,0.265558,-0.097516,0.195607,0.179957,-0.106717,0.196711,0.58488,-0.046767,0.186678,0.514971,-0.103115,0.207569,0.613976,-0.117966,0.22347,0.684585,-0.110847,0.158256,0.648602,-0.057207,0.162754,0.608139,-0.105115,0.189228,0.687494,-0.110408,0.211319,0.747794,-0.102433
welcome,Right,0.229026,0.890268,1e-06,0.282263,0.848006,-0.033861,0.299079,0.737134,-0.050029,0.258018,0.666012,-0.066894,0.215407,0.626587,-0.083524,0.296955,0.547824,-0.0343,0.32284,0.401716,-0.061996,0.338298,0.309832,-0.078173,0.348053,0.231276,-0.088085,0.241854,0.540408,-0.040592,0.222056,0.364655,-0.076913,0.207389,0.255808,-0.098226,0.191865,0.169953,-0.106487,0.193702,0.578207,-0.050314,0.186879,0.519558,-0.105408,0.208079,0.620457,-0.119177,0.221672,0.694038,-0.111331,0.155521,0.643402,-0.06163,0.163059,0.614496,-0.106219,0.190709,0.691187,-0.11008,0.210945,0.752431,-0.101113
welcome,Right,0.230643,0.918106,0.0,0.282394,0.850614,-0.028207,0.301383,0.729003,-0.041052,0.253136,0.657517,-0.05538,0.205114,0.628018,-0.069561,0.295003,0.546413,-0.022845,0.317388,0.402896,-0.046244,0.330734,0.315763,-0.062435,0.339903,0.238004,-0.07428,0.239569,0.544319,-0.031819,0.219288,0.369997,-0.0619,0.205492,0.268655,-0.083232,0.192856,0.184227,-0.094741,0.191689,0.588407,-0.044009,0.183104,0.512348,-0.09185,0.207766,0.60118,-0.10575,0.222616,0.671003,-0.101826,0.152781,0.659515,-0.057648,0.156065,0.613445,-0.097045,0.181931,0.681965,-0.100133,0.200628,0.741643,-0.093266
welcome,Right,0.223319,0.903991,0.0,0.277752,0.832151,-0.025386,0.298243,0.706669,-0.032591,0.254891,0.637635,-0.040987,0.204755,0.622456,-0.049564,0.292594,0.53793,-0.009733,0.316561,0.40938,-0.021808,0.32917,0.329758,-0.032935,0.337935,0.258105,-0.043343,0.237718,0.543215,-0.016053,0.223054,0.403615,-0.034675,0.214721,0.319805,-0.052823,0.204948,0.249495,-0.065023,0.189987,0.586334,-0.025831,0.181397,0.502612,-0.063805,0.205351,0.580033,-0.080648,0.217772,0.645825,-0.082351,0.152207,0.652642,-0.036995,0.159909,0.602456,-0.07303,0.186017,0.667834,-0.081395,0.204154,0.730525,-0.08036
welcome,Right,0.220841,0.906075,0.0,0.277388,0.838862,-0.02086,0.299725,0.709452,-0.022933,0.258282,0.627584,-0.026609,0.2129,0.601491,-0.030732,0.293655,0.541084,0.003048,0.310305,0.422021,-0.000462,0.318894,0.353238,-0.006771,0.326352,0.291301,-0.014902,0.242611,0.545148,-0.00303,0.228103,0.424582,-0.013549,0.221555,0.354081,-0.028974,0.215562,0.291316,-0.040603,0.196477,0.584765,-0.012662,0.187694,0.502396,-0.044366,0.207683,0.574663,-0.062471,0.219337,0.636664,-0.066964,0.157663,0.645064,-0.023348,0.161934,0.579863,-0.055933,0.188072,0.639793,-0.066658,0.209905,0.705106,-0.068711
welcome,Right,0.222573,0.889953,0.0,0.280615,0.831648,-0.023093,0.301698,0.702703,-0.028525,0.256795,0.616524,-0.035429,0.208808,0.593417,-0.042054,0.294475,0.532666,0.003382,0.30518,0.424308,-0.011549,0.30786,0.365081,-0.026554,0.305397,0.337535,-0.037618,0.243124,0.533849,-0.001859,0.228597,0.414817,-0.020198,0.227606,0.353761,-0.04097,0.226164,0.321214,-0.055129,0.197426,0.573235,-0.01217,0.187399,0.483367,-0.04773,0.208078,0.53306,-0.07034,0.222917,0.590286,-0.078317,0.160101,0.636891,-0.023697,0.165965,0.581553,-0.058468,0.189285,0.635195,-0.072688,0.209984,0.696026,-0.077554
welcome,Right,0.232187,0.894334,0.0,0.290375,0.82551,-0.022239,0.31364,0.697533,-0.027071,0.272594,0.612737,-0.033336,0.226042,0.579024,-0.038693,0.304743,0.528614,0.001385,0.317744,0.41043,-0.011454,0.318239,0.34885,-0.023693,0.316759,0.313923,-0.033091,0.251662,0.530719,-0.003589,0.235502,0.410398,-0.020596,0.233332,0.350664,-0.037889,0.233081,0.311757,-0.049988,0.204581,0.568757,-0.012858,0.196082,0.483457,-0.046569,0.222091,0.554197,-0.06239,0.239025,0.624881,-0.065704,0.165702,0.627471,-0.02348,0.172895,0.571449,-0.056323,0.198178,0.631369,-0.06571,0.219336,0.6945,-0.066715
welcome,Right,0.227103,0.898318,0.0,0.283914,0.836838,-0.02078,0.314869,0.721562,-0.024686,0.275803,0.642684,-0.030979,0.230562,0.602194,-0.036862,0.302841,0.526462,0.005749,0.324324,0.410995,-0.003076,0.338391,0.34485,-0.012816,0.35042,0.288165,-0.022109,0.249181,0.526227,-0.002452,0.234379,0.380451,-0.018706,0.227141,0.300939,-0.036969,0.21875,0.239495,-0.04876,0.203505,0.565327,-0.014473,0.195427,0.476652,-0.052169,0.221845,0.554381,-0.06868,0.236827,0.62293,-0.069916,0.166214,0.627924,-0.027399,0.176391,0.572936,-0.064233,0.200948,0.640263,-0.072018,0.217357,0.703656,-0.070021
welcome,Right,0.233244,0.882753,0.0,0.291499,0.845815,-0.03197,0.313716,0.732045,-0.044412,0.270434,0.656436,-0.057091,0.223284,0.626253,-0.070386,0.301712,0.54591,-0.027255,0.328575,0.413211,-0.047002,0.344302,0.333625,-0.05976,0.356525,0.262172,-0.069348,0.248032,0.54177,-0.032934,0.231151,0.370914,-0.06119,0.218669,0.265173,-0.082227,0.204973,0.177105,-0.093012,0.201628,0.57948,-0.041535,0.192163,0.505773,-0.089853,0.212857,0.594506,-0.106482,0.22483,0.664822,-0.103593,0.164256,0.644518,-0.051446,0.167994,0.601827,-0.09352,0.194305,0.671814,-0.099801,0.213422,0.731906,-0.094549
welcome,Right,0.229242,0.894552,0.0,0.286532,0.852929,-0.031643,0.307853,0.738021,-0.045016,0.262171,0.662389,-0.0591,0.213174,0.633869,-0.073915,0.304631,0.550963,-0.028572,0.330215,0.411198,-0.050788,0.34696,0.330679,-0.064923,0.361019,0.257442,-0.075173,0.250426,0.544531,-0.034805,0.232266,0.369742,-0.064845,0.217192,0.259591,-0.085689,0.202463,0.168038,-0.096071,0.202517,0.581898,-0.044214,0.192937,0.508859,-0.093072,0.212642,0.601538,-0.109253,0.225826,0.674375,-0.105936,0.162804,0.647084,-0.054983,0.166436,0.613289,-0.096537,0.192798,0.686421,-0.102862,0.212784,0.7466,-0.097733
welcome,Right,0.231294,0.894175,0.0,0.288695,0.857923,-0.035965,0.315629,0.749103,-0.052336,0.265099,0.669967,-0.068835,0.215814,0.629283,-0.085791,0.306918,0.556611,-0.03389,0.333683,0.412829,-0.057571,0.349967,0.330672,-0.071645,0.36358,0.256848,-0.081109,0.251833,0.550205,-0.0382,0.230053,0.370878,-0.071144,0.214023,0.260628,-0.092304,0.199203,0.170677,-0.101747,0.204657,0.585577,-0.045778,0.197759,0.522435,-0.098351,0.214342,0.626056,-0.11254,0.225385,0.701262,-0.106318,0.165993,0.64498,-0.054882,0.169423,0.607667,-0.097954,0.192709,0.688325,-0.101394,0.210679,0.753197,-0.093066
welcome,Right,0.234198,0.896096,0.0,0.291121,0.855601,-0.034251,0.316437,0.745054,-0.048785,0.266956,0.666817,-0.063738,0.21452,0.63352,-0.079449,0.31031,0.557146,-0.033699,0.33991,0.412012,-0.054011,0.354645,0.329521,-0.065567,0.365859,0.253197,-0.073838,0.254756,0.550045,-0.037935,0.232842,0.373913,-0.066963,0.217973,0.264747,-0.087299,0.20407,0.172785,-0.097564,0.20745,0.582478,-0.044921,0.198664,0.527368,-0.09327,0.216948,0.626908,-0.110571,0.228744,0.697667,-0.108348,0.169881,0.638119,-0.053372,0.174462,0.617673,-0.094107,0.198276,0.697465,-0.100288,0.216475,0.76038,-0.095099
welcome,Right,0.232074,0.891237,0.0,0.290638,0.859325,-0.035397,0.318429,0.753775,-0.052117,0.269545,0.669292,-0.069293,0.220776,0.62769,-0.086925,0.311931,0.559055,-0.037601,0.342548,0.414591,-0.062512,0.359494,0.330328,-0.076964,0.371493,0.253841,-0.087,0.255072,0.552247,-0.042988,0.234159,0.378166,-0.077876,0.220784,0.26878,-0.100218,0.208148,0.177814,-0.111042,0.206688,0.584969,-0.051446,0.202438,0.523395,-0.105063,0.223088,0.620364,-0.121885,0.236868,0.6932,-0.118449,0.167676,0.640695,-0.061318,0.174117,0.615038,-0.105694,0.199968,0.693808,-0.111949,0.220248,0.756075,-0.106281
welcome,Right,0.233391,0.891153,0.0,0.289929,0.861681,-0.033566,0.316795,0.754887,-0.048228,0.272221,0.676155,-0.063658,0.22508,0.638913,-0.079749,0.308996,0.563,-0.034131,0.339675,0.416715,-0.057574,0.356975,0.331399,-0.070631,0.369519,0.254861,-0.079473,0.25382,0.557274,-0.039854,0.23401,0.385703,-0.073902,0.219996,0.276921,-0.095808,0.20632,0.185235,-0.105735,0.206444,0.591251,-0.048448,0.200499,0.530533,-0.102658,0.219772,0.630746,-0.119086,0.232796,0.704422,-0.114412,0.167911,0.648498,-0.058157,0.170256,0.618532,-0.103765,0.19556,0.699057,-0.10952,0.215738,0.764878,-0.102646
welcome,Right,0.234427,0.897211,0.0,0.290542,0.860221,-0.033458,0.316318,0.756262,-0.048536,0.270808,0.682517,-0.064622,0.224901,0.646232,-0.08105,0.308174,0.562921,-0.031233,0.338468,0.419221,-0.055144,0.354565,0.33244,-0.069148,0.36588,0.255314,-0.078497,0.253434,0.555707,-0.037328,0.231904,0.37775,-0.071739,0.2165,0.26997,-0.09415,0.202477,0.182415,-0.103947,0.206625,0.590569,-0.046475,0.197356,0.531291,-0.099401,0.216831,0.626928,-0.115046,0.231328,0.697386,-0.109785,0.168678,0.648653,-0.056991,0.169042,0.619242,-0.099778,0.193546,0.696595,-0.1036,0.213739,0.759797,-0.095481
welcome,Right,0.233618,0.896165,0.0,0.289862,0.860739,-0.035151,0.316009,0.76294,-0.052265,0.271081,0.689372,-0.070382,0.22625,0.649528,-0.088787,0.305675,0.559474,-0.034103,0.335114,0.413643,-0.061328,0.351859,0.327159,-0.07816,0.364254,0.249673,-0.089396,0.251674,0.553932,-0.040191,0.231936,0.380084,-0.077027,0.216466,0.273552,-0.101098,0.202579,0.184961,-0.112359,0.205321,0.59124,-0.049604,0.193782,0.523775,-0.104056,0.213204,0.618841,-0.119694,0.229257,0.690544,-0.114642,0.166802,0.651417,-0.060542,0.165666,0.616552,-0.104653,0.189893,0.69314,-0.108801,0.211394,0.755859,-0.100959
welcome,Right,0.232385,0.906526,0.0,0.288003,0.862149,-0.031566,0.311762,0.750428,-0.045598,0.26468,0.676204,-0.060964,0.216293,0.643958,-0.076799,0.306654,0.564278,-0.030126,0.337351,0.413767,-0.052498,0.35442,0.328045,-0.065217,0.367682,0.251286,-0.073922,0.251512,0.559871,-0.035931,0.230285,0.388679,-0.067877,0.215438,0.281067,-0.088889,0.202391,0.190895,-0.098731,0.204422,0.594935,-0.044625,0.195602,0.53339,-0.095105,0.214168,0.632593,-0.110662,0.227185,0.705979,-0.106185,0.166523,0.653891,-0.054593,0.168886,0.622813,-0.096157,0.19302,0.700871,-0.100791,0.212678,0.765968,-0.093709
welcome,Right,0.2339,0.907427,0.0,0.287835,0.862892,-0.032766,0.312467,0.753034,-0.047779,0.264309,0.679698,-0.06401,0.21557,0.645488,-0.080832,0.307169,0.564236,-0.031033,0.337212,0.414619,-0.05429,0.353235,0.32757,-0.067751,0.365711,0.25047,-0.076726,0.252174,0.559068,-0.036371,0.231271,0.385703,-0.069498,0.215509,0.278269,-0.091055,0.201788,0.189834,-0.100786,0.205495,0.593723,-0.044649,0.197011,0.532717,-0.095941,0.214473,0.633436,-0.111161,0.226513,0.707663,-0.106106,0.167535,0.651513,-0.054331,0.168903,0.623947,-0.096294,0.192297,0.703384,-0.10073,0.211196,0.767926,-0.093241
welcome,Right,0.235262,0.91282,0.0,0.288528,0.858599,-0.031738,0.311463,0.748556,-0.047135,0.26258,0.675603,-0.064034,0.214716,0.640901,-0.08127,0.30643,0.561264,-0.030864,0.336524,0.414353,-0.054737,0.352118,0.328003,-0.068866,0.364188,0.251018,-0.078403,0.251786,0.557472,-0.037291,0.230877,0.381734,-0.070008,0.215498,0.272887,-0.091567,0.202523,0.183146,-0.101845,0.205345,0.594842,-0.046676,0.194641,0.532477,-0.097239,0.213157,0.631463,-0.112486,0.22748,0.704667,-0.107987,0.168152,0.655989,-0.057452,0.168088,0.624039,-0.098008,0.192094,0.70177,-0.101901,0.212729,0.766012,-0.094592
welcome,Right,0.232982,0.916597,0.0,0.287472,0.858306,-0.03072,0.311047,0.749897,-0.044818,0.264377,0.682335,-0.060674,0.217892,0.649295,-0.076377,0.304904,0.558549,-0.027659,0.334164,0.411492,-0.051599,0.350573,0.323943,-0.066411,0.361617,0.244322,-0.076608,0.249795,0.550189,-0.034576,0.228058,0.375265,-0.066593,0.212074,0.270976,-0.087909,0.197673,0.184226,-0.09823,0.203208,0.587545,-0.044605,0.191521,0.530406,-0.093178,0.210934,0.624823,-0.108186,0.224686,0.695062,-0.104201,0.165834,0.651901,-0.056368,0.16671,0.631258,-0.095222,0.191564,0.70502,-0.099601,0.21233,0.766563,-0.093084
welcome,Right,0.233736,0.916602,0.0,0.288335,0.85914,-0.029591,0.311984,0.748083,-0.042688,0.264277,0.677813,-0.057847,0.215625,0.645236,-0.07327,0.304151,0.555926,-0.024253,0.332836,0.410253,-0.04676,0.348286,0.32329,-0.061038,0.359476,0.244469,-0.070978,0.24993,0.549728,-0.031568,0.228859,0.37573,-0.062245,0.211167,0.269525,-0.083765,0.195498,0.182055,-0.094183,0.203913,0.587241,-0.041867,0.190527,0.523652,-0.089974,0.207996,0.618294,-0.104967,0.220764,0.690067,-0.100615,0.166543,0.650972,-0.053701,0.165661,0.621889,-0.092435,0.189405,0.696525,-0.095978,0.209062,0.760527,-0.088498
welcome,Right,0.232202,0.918858,0.0,0.287697,0.856848,-0.028393,0.311656,0.752299,-0.041927,0.268665,0.685072,-0.057702,0.224136,0.651926,-0.073155,0.302999,0.554539,-0.025707,0.331629,0.406678,-0.047929,0.346842,0.320734,-0.061616,0.356811,0.241048,-0.071629,0.247448,0.549644,-0.033867,0.225847,0.38042,-0.064095,0.209079,0.276082,-0.085353,0.195539,0.1862,-0.097004,0.200684,0.588073,-0.044902,0.189816,0.519853,-0.091929,0.209497,0.610433,-0.106855,0.225622,0.680778,-0.10419,0.162267,0.652958,-0.057509,0.161645,0.627324,-0.096534,0.18789,0.699194,-0.101779,0.211543,0.762338,-0.096426
welcome,Right,0.233876,0.906614,1e-06,0.287377,0.861649,-0.034392,0.309396,0.756595,-0.051278,0.265591,0.685822,-0.069337,0.21912,0.650169,-0.087222,0.302663,0.557854,-0.033159,0.329539,0.409108,-0.062039,0.345552,0.318566,-0.080018,0.356807,0.237886,-0.091349,0.247078,0.550604,-0.039544,0.224256,0.373946,-0.076165,0.208429,0.263424,-0.099404,0.195159,0.173215,-0.109868,0.200436,0.589675,-0.049365,0.189245,0.526581,-0.104335,0.208001,0.625171,-0.118925,0.221765,0.699208,-0.112164,0.16304,0.655235,-0.060896,0.164825,0.628174,-0.105413,0.18912,0.704644,-0.109363,0.209497,0.767258,-0.100535
welcome,Right,0.22984,0.89452,1e-06,0.285233,0.85767,-0.037356,0.30422,0.749991,-0.055131,0.259939,0.679026,-0.073426,0.214179,0.638366,-0.091741,0.301213,0.55628,-0.035111,0.329513,0.409138,-0.064617,0.34717,0.316569,-0.082779,0.359216,0.23645,-0.094125,0.245939,0.550404,-0.040143,0.225436,0.379381,-0.078096,0.209307,0.270124,-0.101748,0.193826,0.182385,-0.111832,0.198827,0.588163,-0.049048,0.188677,0.525959,-0.105674,0.206144,0.627798,-0.119735,0.218463,0.700168,-0.112103,0.16064,0.65197,-0.059939,0.163057,0.624697,-0.106728,0.187656,0.702883,-0.111201,0.207795,0.762013,-0.10231
welcome,Right,0.235605,0.889109,1e-06,0.288656,0.847416,-0.035067,0.3067,0.742248,-0.052501,0.259567,0.677758,-0.070777,0.212297,0.645821,-0.089726,0.30216,0.552324,-0.03436,0.328911,0.403242,-0.062201,0.345316,0.313972,-0.07966,0.357311,0.2341,-0.091155,0.247989,0.548987,-0.040635,0.226745,0.374639,-0.076305,0.209515,0.267821,-0.099807,0.193805,0.18052,-0.110935,0.20086,0.589471,-0.050303,0.188811,0.518614,-0.105824,0.20597,0.6172,-0.120668,0.218611,0.689873,-0.114488,0.161891,0.655979,-0.06151,0.161439,0.618038,-0.10911,0.185922,0.696616,-0.113561,0.206456,0.759586,-0.105025
welcome,Right,0.23343,0.887483,1e-06,0.287736,0.849772,-0.037746,0.305061,0.745221,-0.056419,0.257558,0.679639,-0.075253,0.210713,0.643098,-0.094433,0.301893,0.553428,-0.03654,0.329023,0.40691,-0.065739,0.345415,0.31573,-0.083738,0.356681,0.235882,-0.095301,0.247204,0.549728,-0.042112,0.226596,0.377377,-0.079353,0.209995,0.271218,-0.102964,0.193783,0.18443,-0.113286,0.200161,0.59008,-0.051507,0.188912,0.525414,-0.109125,0.205982,0.628107,-0.123716,0.218877,0.698372,-0.116513,0.160997,0.656265,-0.062667,0.160109,0.625608,-0.111788,0.185165,0.705308,-0.116535,0.207004,0.763056,-0.107725
welcome,Right,0.232842,0.918607,0.0,0.287987,0.856522,-0.029135,0.308345,0.745494,-0.042793,0.259956,0.678726,-0.058442,0.213497,0.645266,-0.074128,0.302864,0.555169,-0.026752,0.331052,0.405733,-0.05048,0.346725,0.317199,-0.065199,0.357559,0.236212,-0.075261,0.246954,0.548132,-0.034581,0.22452,0.373839,-0.066744,0.208473,0.268823,-0.087698,0.194981,0.181909,-0.09763,0.199393,0.586294,-0.045398,0.188343,0.524786,-0.094791,0.208627,0.620752,-0.108916,0.222729,0.69356,-0.103808,0.161146,0.651933,-0.057739,0.161913,0.62618,-0.097902,0.187306,0.701264,-0.101496,0.208188,0.765406,-0.09378
welcome,Right,0.229861,0.911299,0.0,0.284619,0.852714,-0.029733,0.306231,0.744042,-0.043891,0.260813,0.676244,-0.059849,0.215596,0.641183,-0.075553,0.302276,0.551491,-0.028281,0.331603,0.402758,-0.052853,0.347253,0.312696,-0.067693,0.358099,0.231696,-0.077764,0.245885,0.543602,-0.03582,0.222631,0.367169,-0.0685,0.207876,0.261008,-0.089747,0.196536,0.172963,-0.100053,0.19836,0.580664,-0.046374,0.190163,0.516971,-0.096666,0.210337,0.611193,-0.111733,0.224616,0.682127,-0.107436,0.160427,0.645216,-0.058444,0.162758,0.62328,-0.100249,0.188329,0.69888,-0.105474,0.209559,0.762048,-0.098852
welcome,Right,0.231989,0.917637,0.0,0.28685,0.857742,-0.02887,0.308304,0.747306,-0.042313,0.261497,0.677384,-0.05786,0.215138,0.640479,-0.073397,0.303983,0.551564,-0.024911,0.333484,0.404424,-0.046887,0.348052,0.316068,-0.060449,0.357376,0.236669,-0.07022,0.249005,0.547446,-0.032962,0.229417,0.373392,-0.063801,0.212966,0.267476,-0.084501,0.197426,0.181162,-0.094519,0.202207,0.586615,-0.044122,0.191448,0.518889,-0.092595,0.209859,0.614823,-0.107494,0.223742,0.687136,-0.103516,0.164988,0.653229,-0.056759,0.165406,0.623191,-0.097039,0.190428,0.699606,-0.101812,0.212291,0.764713,-0.095325
welcome,Right,0.232373,0.892781,1e-06,0.286798,0.856602,-0.037666,0.309634,0.750942,-0.054995,0.262904,0.675888,-0.072389,0.215425,0.636812,-0.089914,0.301933,0.548441,-0.032951,0.319563,0.402376,-0.059018,0.330021,0.31272,-0.076062,0.337293,0.232161,-0.087856,0.248364,0.547479,-0.038523,0.23324,0.381674,-0.071241,0.223696,0.27649,-0.093904,0.213218,0.188354,-0.105487,0.201876,0.587422,-0.048173,0.191949,0.516647,-0.100933,0.210902,0.608254,-0.117217,0.22416,0.678055,-0.113559,0.162543,0.653471,-0.059871,0.165472,0.614807,-0.105507,0.191431,0.691183,-0.111912,0.211717,0.756435,-0.106057
welcome,Right,0.2308,0.915179,0.0,0.289392,0.852202,-0.02671,0.31403,0.73963,-0.039207,0.265735,0.666598,-0.054164,0.215973,0.63891,-0.069114,0.303495,0.547404,-0.019096,0.313389,0.39308,-0.04159,0.313823,0.30413,-0.057757,0.313776,0.221542,-0.069999,0.249366,0.549399,-0.02965,0.234201,0.379684,-0.059106,0.222861,0.273341,-0.0809,0.213269,0.1818,-0.093647,0.202845,0.589046,-0.043971,0.19435,0.512827,-0.09286,0.212325,0.610684,-0.108663,0.226342,0.689368,-0.106311,0.16397,0.652685,-0.059869,0.166543,0.614279,-0.101255,0.190971,0.691074,-0.10751,0.212423,0.759718,-0.103334
welcome,Right,0.231757,0.919517,0.0,0.289329,0.856384,-0.028827,0.310832,0.746388,-0.043135,0.259818,0.671219,-0.059495,0.210657,0.637082,-0.076237,0.299721,0.554695,-0.022304,0.307948,0.402103,-0.045857,0.306758,0.312285,-0.062987,0.305029,0.229556,-0.075538,0.246935,0.555165,-0.031328,0.229734,0.382219,-0.060028,0.218355,0.273764,-0.08195,0.209285,0.180983,-0.095234,0.201488,0.595227,-0.043972,0.190444,0.511783,-0.091447,0.208637,0.60966,-0.106186,0.223095,0.687921,-0.103709,0.162545,0.659837,-0.058216,0.161335,0.607967,-0.09775,0.184432,0.682458,-0.101851,0.204908,0.752027,-0.096464
welcome,Right,0.231249,0.922257,0.0,0.286466,0.860947,-0.030078,0.307561,0.750239,-0.044981,0.255776,0.681053,-0.061451,0.207507,0.643839,-0.077992,0.303538,0.566464,-0.027289,0.328234,0.424247,-0.049196,0.339134,0.339646,-0.06302,0.348044,0.26181,-0.073178,0.246768,0.558572,-0.034745,0.227172,0.384731,-0.064896,0.210973,0.277811,-0.085208,0.196405,0.190572,-0.095567,0.198618,0.593178,-0.045229,0.18669,0.520919,-0.093994,0.203393,0.621496,-0.108353,0.215586,0.699321,-0.104063,0.159791,0.654853,-0.057212,0.159627,0.624835,-0.098239,0.18348,0.701838,-0.10326,0.203573,0.766946,-0.09706
welcome,Right,0.229132,0.927991,0.0,0.284268,0.865144,-0.03071,0.308347,0.753956,-0.044653,0.257761,0.681252,-0.059912,0.209774,0.643945,-0.074948,0.303,0.565251,-0.028227,0.329154,0.419589,-0.051091,0.341189,0.334308,-0.064953,0.349808,0.254662,-0.074816,0.245534,0.554211,-0.034918,0.224461,0.376633,-0.066155,0.206502,0.271608,-0.086818,0.190991,0.183511,-0.096804,0.197077,0.588855,-0.044559,0.185886,0.528789,-0.093293,0.205177,0.625363,-0.108862,0.219371,0.697803,-0.105299,0.158207,0.650547,-0.05582,0.15998,0.635549,-0.096337,0.185806,0.711774,-0.102446,0.20791,0.774256,-0.096948
welcome,Right,0.227284,0.928055,0.0,0.282648,0.871078,-0.031658,0.30629,0.763289,-0.046555,0.257493,0.692275,-0.063063,0.211534,0.652416,-0.079638,0.302184,0.567004,-0.029483,0.328887,0.414542,-0.051974,0.341978,0.325286,-0.065458,0.350796,0.24407,-0.075142,0.246202,0.56042,-0.0363,0.224843,0.382732,-0.067033,0.206393,0.272379,-0.087768,0.190172,0.178721,-0.098179,0.198837,0.59696,-0.046256,0.185019,0.53475,-0.094371,0.20297,0.634236,-0.109286,0.218646,0.70697,-0.105734,0.160034,0.659379,-0.057961,0.155574,0.629914,-0.097279,0.180467,0.70709,-0.101857,0.204618,0.770865,-0.095773
welcome,Right,0.220328,0.921873,0.0,0.280661,0.87206,-0.033715,0.303266,0.763687,-0.052383,0.252201,0.688473,-0.072435,0.20613,0.648495,-0.092989,0.298584,0.570234,-0.03485,0.319266,0.414874,-0.062624,0.330804,0.322007,-0.081331,0.337867,0.236854,-0.094702,0.243168,0.573254,-0.043615,0.226113,0.408253,-0.080185,0.21147,0.300022,-0.103474,0.198874,0.20054,-0.11523,0.195472,0.614359,-0.056048,0.182577,0.550324,-0.108576,0.199496,0.654206,-0.121928,0.217346,0.72515,-0.117004,0.157654,0.680753,-0.070469,0.151082,0.632101,-0.111985,0.176699,0.711541,-0.114074,0.204295,0.779363,-0.106373
welcome,Right,0.217363,0.947388,0.0,0.275914,0.886225,-0.033004,0.295121,0.772736,-0.051216,0.240805,0.701122,-0.071231,0.191214,0.670616,-0.091309,0.293314,0.580004,-0.031115,0.310687,0.433834,-0.058852,0.320184,0.340552,-0.077973,0.326681,0.257256,-0.091881,0.236646,0.582104,-0.040755,0.219545,0.420307,-0.0771,0.207881,0.31335,-0.101388,0.197096,0.221454,-0.113817,0.187932,0.62366,-0.054196,0.173438,0.560858,-0.106206,0.191941,0.660281,-0.120824,0.209285,0.732218,-0.116447,0.148232,0.691445,-0.069844,0.144647,0.657867,-0.110304,0.170551,0.732325,-0.114006,0.196139,0.794303,-0.107354
welcome,Right,0.211282,0.967327,0.0,0.267261,0.8995,-0.029075,0.28835,0.793696,-0.04524,0.239418,0.729724,-0.064138,0.187436,0.705323,-0.082851,0.285135,0.598188,-0.025431,0.30638,0.452212,-0.049237,0.313462,0.365289,-0.065043,0.317618,0.285094,-0.076703,0.228312,0.594843,-0.035767,0.206799,0.420809,-0.0676,0.191007,0.31319,-0.090169,0.178391,0.219469,-0.102654,0.179593,0.63409,-0.049314,0.164556,0.566307,-0.096252,0.185848,0.665638,-0.109535,0.204296,0.73762,-0.105679,0.138921,0.698798,-0.064867,0.135249,0.661826,-0.100374,0.160903,0.733103,-0.102115,0.185763,0.79335,-0.095264
welcome,Right,0.203601,0.971629,0.0,0.259341,0.908343,-0.030639,0.28713,0.802804,-0.044185,0.236319,0.736468,-0.059987,0.183999,0.709642,-0.075263,0.283219,0.607174,-0.021128,0.304199,0.453118,-0.044963,0.314127,0.360241,-0.060343,0.319315,0.275157,-0.070642,0.224931,0.594893,-0.029343,0.204648,0.422411,-0.061402,0.189478,0.310313,-0.084811,0.176079,0.21304,-0.096427,0.176083,0.62612,-0.041164,0.159804,0.583881,-0.090777,0.180211,0.684772,-0.107506,0.197284,0.755622,-0.10363,0.134756,0.683925,-0.055052,0.129644,0.675366,-0.094077,0.155461,0.752228,-0.099348,0.18139,0.814713,-0.093062
welcome,Right,0.213617,0.969004,0.0,0.268418,0.902527,-0.027956,0.288109,0.79436,-0.044361,0.236918,0.728438,-0.064434,0.186616,0.698524,-0.084866,0.281172,0.596737,-0.024224,0.29912,0.442323,-0.051362,0.30921,0.344842,-0.069715,0.314444,0.256657,-0.082817,0.226477,0.599862,-0.036857,0.207397,0.436098,-0.073845,0.192883,0.325493,-0.098729,0.180014,0.226783,-0.111628,0.179599,0.642675,-0.053105,0.16247,0.584136,-0.106207,0.182805,0.689818,-0.120117,0.201821,0.761593,-0.114799,0.140747,0.71237,-0.071226,0.130048,0.66972,-0.112118,0.15893,0.746136,-0.114927,0.189995,0.812115,-0.107414
welcome,Right,0.213325,0.96617,0.0,0.268738,0.905967,-0.03057,0.288042,0.805657,-0.048748,0.239756,0.741603,-0.06982,0.192912,0.702299,-0.091454,0.281923,0.596865,-0.029614,0.294529,0.440575,-0.058065,0.298495,0.345037,-0.079731,0.300808,0.25341,-0.0963,0.228849,0.599442,-0.041156,0.216582,0.456047,-0.080102,0.202265,0.35964,-0.107829,0.190383,0.27007,-0.123725,0.182046,0.638885,-0.056251,0.165828,0.574107,-0.108845,0.183051,0.671782,-0.124878,0.200432,0.74603,-0.123124,0.141634,0.703586,-0.073688,0.134896,0.669886,-0.11772,0.161406,0.745793,-0.124648,0.190393,0.816266,-0.120734
welcome,Right,0.218311,0.968313,0.0,0.272375,0.901684,-0.02811,0.290855,0.798447,-0.044432,0.240852,0.738242,-0.063897,0.192098,0.708905,-0.083534,0.28345,0.605716,-0.023154,0.297015,0.454337,-0.048194,0.300721,0.359982,-0.066023,0.302528,0.271917,-0.079451,0.228964,0.605876,-0.034579,0.216145,0.452269,-0.067875,0.204785,0.351218,-0.0919,0.1947,0.260155,-0.10567,0.181623,0.644169,-0.049494,0.164541,0.580027,-0.098795,0.183375,0.682454,-0.111662,0.200683,0.75714,-0.107299,0.1399,0.708067,-0.06642,0.131536,0.667815,-0.105617,0.156698,0.744153,-0.107975,0.182761,0.811908,-0.101032
welcome,Right,0.213279,0.961519,0.0,0.27021,0.898266,-0.028996,0.288665,0.795543,-0.046357,0.242078,0.731792,-0.066608,0.19491,0.700936,-0.086747,0.286352,0.606196,-0.024566,0.305506,0.467747,-0.050782,0.311428,0.383053,-0.069084,0.315983,0.303943,-0.082593,0.232156,0.601431,-0.035654,0.214917,0.436016,-0.071844,0.200263,0.338126,-0.096002,0.189955,0.24988,-0.108457,0.183771,0.636112,-0.050268,0.168948,0.567535,-0.102023,0.185557,0.671209,-0.115205,0.201303,0.745253,-0.110068,0.142509,0.696991,-0.066766,0.139203,0.661888,-0.107376,0.163545,0.740245,-0.110169,0.187697,0.804835,-0.10297
welcome,Right,0.238466,0.775072,1e-06,0.282727,0.759527,-0.043144,0.291663,0.702828,-0.069947,0.26202,0.661924,-0.095031,0.237792,0.625963,-0.11997,0.30016,0.54918,-0.054264,0.317409,0.444785,-0.089284,0.325107,0.380848,-0.110637,0.332638,0.321488,-0.124302,0.253512,0.542296,-0.055135,0.239527,0.423721,-0.100394,0.234842,0.350359,-0.125906,0.235014,0.285077,-0.138065,0.21308,0.571624,-0.05935,0.197924,0.539433,-0.11588,0.210292,0.630333,-0.129553,0.227381,0.690036,-0.124377,0.180255,0.620581,-0.065634,0.173491,0.61216,-0.110549,0.18834,0.680384,-0.116329,0.205816,0.727355,-0.110611
welcome,Left,0.261058,0.69687,0.0,0.295161,0.692043,-0.042145,0.304766,0.644183,-0.070644,0.289163,0.582833,-0.093653,0.279303,0.531181,-0.117721,0.317415,0.535189,-0.075217,0.325243,0.423042,-0.113066,0.334004,0.353631,-0.137495,0.343755,0.295349,-0.154248,0.289351,0.523525,-0.068234,0.261288,0.455113,-0.106913,0.25118,0.483115,-0.116674,0.25448,0.512127,-0.119826,0.258171,0.531514,-0.064125,0.229366,0.497329,-0.101459,0.229601,0.54141,-0.100804,0.24089,0.583342,-0.09458,0.230384,0.549598,-0.063079,0.211896,0.535027,-0.096304,0.216904,0.569313,-0.100494,0.229757,0.603924,-0.097687
welcome,Right,0.229274,0.893355,0.0,0.283043,0.842613,-0.024925,0.308071,0.708311,-0.029563,0.270375,0.614563,-0.034433,0.220812,0.583427,-0.038875,0.299906,0.555167,-0.007839,0.322765,0.42547,-0.016879,0.336627,0.347182,-0.023787,0.346769,0.282106,-0.030527,0.248417,0.54901,-0.013243,0.236678,0.382061,-0.027609,0.23562,0.287123,-0.041477,0.230322,0.212999,-0.049723,0.202994,0.584852,-0.021898,0.199123,0.489921,-0.059691,0.226342,0.568392,-0.074812,0.238019,0.632886,-0.074019,0.163173,0.64559,-0.031465,0.174592,0.577494,-0.06913,0.199829,0.643499,-0.076462,0.213523,0.705686,-0.073813
welcome,Right,0.228477,0.904235,0.0,0.284586,0.840437,-0.025121,0.308712,0.701458,-0.029859,0.269086,0.610217,-0.03511,0.219671,0.578636,-0.039678,0.301462,0.548053,-0.00677,0.324933,0.418274,-0.016882,0.337587,0.340367,-0.02494,0.346737,0.272977,-0.03239,0.249068,0.541755,-0.012185,0.236945,0.379164,-0.028705,0.23416,0.287557,-0.04418,0.228178,0.213281,-0.053258,0.202912,0.57759,-0.020962,0.199617,0.487121,-0.059602,0.225919,0.572177,-0.074537,0.237396,0.639045,-0.073173,0.164407,0.638839,-0.030835,0.17862,0.577368,-0.067334,0.204665,0.644441,-0.07419,0.219475,0.705174,-0.071114
welcome,Right,0.226779,0.90212,0.0,0.283175,0.841376,-0.023835,0.309511,0.707838,-0.028156,0.270114,0.620547,-0.033819,0.221895,0.590976,-0.038721,0.300903,0.543598,-0.003252,0.325976,0.417714,-0.012899,0.340675,0.341009,-0.020502,0.351635,0.277193,-0.027727,0.248519,0.540066,-0.010122,0.235022,0.373322,-0.026837,0.232285,0.280116,-0.04227,0.226177,0.207394,-0.050966,0.202528,0.578936,-0.02063,0.199553,0.485768,-0.059973,0.225806,0.570554,-0.074793,0.237835,0.63729,-0.073088,0.164347,0.64367,-0.032205,0.179338,0.580831,-0.069084,0.204584,0.648511,-0.075758,0.218506,0.708369,-0.072528
welcome,Right,0.225734,0.905586,0.0,0.284894,0.85229,-0.027379,0.311402,0.720129,-0.032589,0.272767,0.6299,-0.038437,0.225682,0.58553,-0.043401,0.301421,0.548301,-0.005871,0.325465,0.417571,-0.016617,0.340236,0.336414,-0.024684,0.351542,0.268593,-0.031913,0.249291,0.544374,-0.011266,0.235291,0.374551,-0.029631,0.231882,0.275732,-0.04603,0.224728,0.199702,-0.054783,0.203636,0.583308,-0.020672,0.199955,0.491123,-0.063219,0.227589,0.577193,-0.079484,0.240696,0.644688,-0.077677,0.165706,0.646468,-0.031245,0.179467,0.585139,-0.071698,0.20601,0.655738,-0.079918,0.221658,0.717513,-0.076874
welcome,Right,0.230034,0.903861,1e-06,0.285867,0.860276,-0.03285,0.310621,0.729448,-0.04262,0.270566,0.63865,-0.05147,0.221381,0.601086,-0.059787,0.303451,0.560214,-0.018043,0.32768,0.425915,-0.03291,0.34192,0.339205,-0.043083,0.352448,0.268016,-0.051651,0.250045,0.552728,-0.022255,0.233858,0.381742,-0.044275,0.228642,0.279932,-0.06231,0.220172,0.200972,-0.071805,0.203157,0.588147,-0.030237,0.19497,0.491424,-0.076398,0.22195,0.573978,-0.09385,0.235448,0.641155,-0.092354,0.164384,0.651795,-0.03955,0.174504,0.5937,-0.083848,0.201786,0.664687,-0.093089,0.217795,0.727679,-0.090151
welcome,Right,0.228011,0.859622,0.0,0.283121,0.834543,-0.035697,0.305538,0.732293,-0.050639,0.2654,0.650231,-0.064715,0.225023,0.607264,-0.079083,0.299814,0.550526,-0.033276,0.325656,0.419117,-0.057289,0.340449,0.336527,-0.072298,0.351914,0.263718,-0.083203,0.248298,0.547569,-0.037488,0.231215,0.389579,-0.068132,0.222486,0.286948,-0.089323,0.215122,0.198969,-0.100616,0.203352,0.583008,-0.045639,0.193411,0.508607,-0.096001,0.215641,0.580538,-0.113954,0.234274,0.635944,-0.113065,0.166751,0.643293,-0.055375,0.171219,0.603796,-0.100321,0.196076,0.671573,-0.108933,0.21692,0.729024,-0.105815
welcome,Right,0.22793,0.9159,0.0,0.282828,0.867604,-0.032967,0.302954,0.740674,-0.044366,0.26253,0.651965,-0.055762,0.218954,0.60729,-0.066876,0.298845,0.558082,-0.022672,0.324776,0.417495,-0.040949,0.339694,0.328421,-0.052843,0.349723,0.251213,-0.062005,0.245036,0.55527,-0.027644,0.231548,0.385909,-0.052578,0.221547,0.278584,-0.070751,0.20839,0.189319,-0.08,0.197239,0.596463,-0.036437,0.191304,0.508371,-0.084403,0.211917,0.604242,-0.099018,0.222919,0.677412,-0.094699,0.156935,0.665599,-0.04678,0.165333,0.61088,-0.091031,0.191731,0.685485,-0.09794,0.209722,0.748901,-0.092758
welcome,Right,0.222123,0.92889,0.0,0.280275,0.869932,-0.026091,0.302117,0.739177,-0.034005,0.263785,0.658697,-0.043951,0.218548,0.62407,-0.053472,0.298982,0.553059,-0.01261,0.32705,0.412276,-0.028304,0.341416,0.327235,-0.038648,0.349677,0.251897,-0.047059,0.243353,0.54951,-0.021063,0.227533,0.37824,-0.046184,0.215406,0.274621,-0.065277,0.200085,0.190075,-0.074866,0.193783,0.589263,-0.033071,0.188425,0.517316,-0.079155,0.211746,0.616409,-0.095573,0.225725,0.692217,-0.092872,0.153468,0.654522,-0.046249,0.162229,0.617764,-0.085954,0.190023,0.692453,-0.09272,0.211022,0.755023,-0.088301
welcome,Right,0.230022,0.896098,1e-06,0.282028,0.86085,-0.036032,0.299089,0.743839,-0.051663,0.257822,0.668764,-0.067253,0.211891,0.63723,-0.083205,0.297894,0.554269,-0.032706,0.323803,0.411181,-0.058858,0.338461,0.32194,-0.075631,0.347906,0.246161,-0.0871,0.242247,0.553311,-0.03934,0.225834,0.37463,-0.072317,0.213899,0.269644,-0.09367,0.19992,0.188305,-0.103456,0.193155,0.59714,-0.050066,0.187953,0.512713,-0.105248,0.20996,0.611242,-0.120384,0.224033,0.686258,-0.114361,0.151247,0.667183,-0.062448,0.159022,0.615454,-0.111385,0.186445,0.690587,-0.117918,0.207032,0.751942,-0.111198
welcome,Right,0.224265,0.946915,0.0,0.279565,0.883962,-0.028659,0.300367,0.762857,-0.041593,0.258293,0.692349,-0.056731,0.212616,0.656377,-0.071564,0.297132,0.571338,-0.021593,0.324612,0.423541,-0.045249,0.339155,0.329445,-0.061211,0.349011,0.246487,-0.072887,0.241227,0.56541,-0.031477,0.222566,0.384535,-0.062559,0.209097,0.274693,-0.084052,0.196445,0.185642,-0.09505,0.192242,0.607208,-0.044922,0.185568,0.521964,-0.095989,0.206988,0.624941,-0.109585,0.220766,0.703125,-0.104066,0.152287,0.678913,-0.059913,0.155491,0.632199,-0.103311,0.181782,0.708646,-0.10752,0.202527,0.773081,-0.100264
welcome,Right,0.222589,0.951781,0.0,0.279545,0.88681,-0.026367,0.300621,0.766531,-0.038589,0.256859,0.693964,-0.05381,0.208971,0.665091,-0.069318,0.298509,0.571909,-0.020415,0.325898,0.423756,-0.041253,0.340461,0.33384,-0.054386,0.34943,0.253049,-0.064313,0.241342,0.566715,-0.031377,0.223091,0.388954,-0.061587,0.207063,0.279166,-0.082243,0.19081,0.188141,-0.092397,0.190826,0.607783,-0.045531,0.183182,0.534381,-0.095164,0.203497,0.643921,-0.109181,0.218278,0.724403,-0.103771,0.148428,0.678538,-0.060964,0.150189,0.634118,-0.101181,0.177155,0.710714,-0.104824,0.200751,0.775945,-0.097606
welcome,Right,0.220296,0.951892,0.0,0.275932,0.887409,-0.028071,0.298368,0.769183,-0.03949,0.255308,0.695311,-0.053413,0.209494,0.664349,-0.067248,0.296632,0.575034,-0.018834,0.325251,0.427673,-0.038832,0.339601,0.338364,-0.051052,0.348306,0.258873,-0.060196,0.24045,0.568529,-0.028231,0.221761,0.388766,-0.058037,0.204766,0.27967,-0.078431,0.187867,0.190396,-0.08794,0.191295,0.607429,-0.041164,0.182148,0.537418,-0.091215,0.200599,0.640716,-0.107114,0.214866,0.717897,-0.102698,0.150551,0.67522,-0.055466,0.151703,0.640885,-0.096967,0.178151,0.718209,-0.102883,0.201506,0.781954,-0.096932
welcome,Right,0.219798,0.948788,0.0,0.277879,0.887866,-0.029082,0.301456,0.769003,-0.041001,0.253174,0.695273,-0.055157,0.204754,0.660741,-0.069422,0.296927,0.572291,-0.019934,0.323186,0.42509,-0.039739,0.337648,0.337178,-0.052096,0.34696,0.257428,-0.061362,0.238457,0.568771,-0.028953,0.219899,0.390211,-0.059138,0.204313,0.278134,-0.079883,0.187469,0.186317,-0.08963,0.188528,0.608754,-0.04163,0.180261,0.541128,-0.092887,0.200921,0.651347,-0.108885,0.215986,0.732217,-0.104006,0.147117,0.6751,-0.05568,0.148647,0.638937,-0.097895,0.174735,0.719041,-0.103546,0.197677,0.784678,-0.097288
welcome,Right,0.218672,0.95038,0.0,0.277823,0.894364,-0.029884,0.301864,0.772048,-0.042033,0.252506,0.698037,-0.055598,0.203352,0.662974,-0.069325,0.296311,0.575477,-0.023918,0.322243,0.425811,-0.04358,0.334999,0.336755,-0.055543,0.344478,0.255979,-0.064754,0.238198,0.571838,-0.031595,0.218303,0.396665,-0.060208,0.201961,0.285163,-0.080484,0.186442,0.19086,-0.090849,0.189274,0.609798,-0.042482,0.179493,0.536682,-0.092023,0.198964,0.64296,-0.107288,0.2129,0.721359,-0.103113,0.149814,0.674983,-0.054785,0.152282,0.640047,-0.097109,0.178842,0.721315,-0.10278,0.201708,0.788483,-0.096735
welcome,Right,0.217526,0.948657,0.0,0.276287,0.891188,-0.027442,0.300206,0.771435,-0.037708,0.252793,0.69537,-0.050317,0.205331,0.658024,-0.063185,0.296706,0.572529,-0.018598,0.322639,0.42072,-0.036567,0.335042,0.331809,-0.047549,0.343846,0.252118,-0.05614,0.238416,0.568527,-0.027268,0.2155,0.389986,-0.054118,0.19822,0.278017,-0.074165,0.182859,0.183085,-0.084666,0.189465,0.606543,-0.039218,0.178585,0.535646,-0.08737,0.197451,0.641907,-0.103452,0.211663,0.72051,-0.100196,0.149775,0.672412,-0.052408,0.15013,0.637613,-0.093687,0.175281,0.718769,-0.099448,0.197165,0.786618,-0.093634
welcome,Right,0.21954,0.952624,0.0,0.27641,0.884063,-0.028012,0.3002,0.766756,-0.039734,0.252483,0.690516,-0.053675,0.204388,0.660031,-0.067469,0.297665,0.572789,-0.019917,0.32304,0.422664,-0.038972,0.335747,0.335631,-0.05095,0.343859,0.257727,-0.060054,0.239384,0.569331,-0.028701,0.217589,0.386156,-0.057287,0.199234,0.274632,-0.077653,0.181728,0.181561,-0.087927,0.189598,0.60972,-0.040741,0.17926,0.536312,-0.088622,0.20036,0.638221,-0.104229,0.215974,0.714294,-0.10064,0.148979,0.676103,-0.054166,0.15155,0.640398,-0.093103,0.178071,0.716694,-0.097946,0.201239,0.779014,-0.092097
welcome,Right,0.221319,0.955713,0.0,0.27706,0.883636,-0.026826,0.296851,0.759686,-0.038578,0.249949,0.683777,-0.052776,0.203407,0.645084,-0.066729,0.294627,0.574081,-0.019563,0.321473,0.425131,-0.040112,0.335294,0.334089,-0.053051,0.343879,0.251975,-0.062508,0.23719,0.569542,-0.029317,0.217369,0.391404,-0.059841,0.201222,0.281041,-0.080388,0.185682,0.188822,-0.089944,0.187074,0.61139,-0.042294,0.178177,0.542866,-0.091819,0.199386,0.648435,-0.105948,0.214114,0.723882,-0.100378,0.146401,0.681546,-0.056555,0.147561,0.640922,-0.096423,0.17451,0.716013,-0.100023,0.198164,0.778483,-0.092577
thank_you,Right,0.360203,0.595296,0.0,0.39694,0.628867,8.1e-05,0.435236,0.612456,0.002979,0.46111,0.597421,0.003464,0.482634,0.590924,0.003311,0.461384,0.554,0.008896,0.502978,0.551121,0.001128,0.530317,0.553599,-0.006799,0.555311,0.554311,-0.012569,0.462431,0.528812,0.000922,0.51065,0.523807,-0.005369,0.544963,0.522734,-0.013407,0.575062,0.522192,-0.019228,0.45618,0.504903,-0.008922,0.504048,0.49087,-0.016649,0.53647,0.48512,-0.024417,0.564989,0.480547,-0.029314,0.44194,0.482059,-0.019077,0.481372,0.470127,-0.027086,0.507935,0.466108,-0.030999,0.532604,0.463377,-0.033321
thank_you,Right,0.36032,0.579952,0.0,0.397648,0.613489,-0.003958,0.435129,0.600124,-0.003314,0.459416,0.584102,-0.004419,0.481775,0.575012,-0.005895,0.462164,0.539141,0.005165,0.503345,0.534024,-0.004712,0.531228,0.536249,-0.014106,0.556022,0.537545,-0.020448,0.462507,0.512791,-0.001099,0.510052,0.505453,-0.009322,0.544309,0.505076,-0.01844,0.573857,0.506036,-0.024646,0.456517,0.488052,-0.009601,0.503424,0.473807,-0.018885,0.53579,0.469474,-0.027285,0.563511,0.466969,-0.032135,0.442831,0.464609,-0.018758,0.480995,0.453105,-0.027505,0.507263,0.448413,-0.031757,0.531222,0.445468,-0.034024
thank_you,Right,0.355188,0.56291,0.0,0.397046,0.600104,-0.001181,0.434782,0.587066,0.001051,0.459659,0.572211,0.000636,0.483486,0.565298,-0.000265,0.460714,0.522249,0.012503,0.5017,0.521094,0.003785,0.529017,0.524589,-0.005509,0.553918,0.526292,-0.012186,0.46128,0.49684,0.004766,0.508175,0.493082,-0.002429,0.541905,0.492085,-0.01172,0.571857,0.491924,-0.018574,0.454587,0.471537,-0.005539,0.501367,0.460005,-0.01432,0.533164,0.456319,-0.022876,0.561541,0.452716,-0.028305,0.440154,0.446357,-0.016377,0.47854,0.438083,-0.025031,0.504722,0.434662,-0.029543,0.529655,0.430893,-0.03235
thank_you,Right,0.353102,0.558684,0.0,0.397265,0.597977,-0.000495,0.436272,0.585276,0.001866,0.462043,0.570565,0.001461,0.485184,0.562477,0.000382,0.461421,0.52223,0.011586,0.50273,0.520769,0.002132,0.530157,0.523367,-0.007593,0.555316,0.524001,-0.014585,0.46143,0.496428,0.00342,0.509109,0.492479,-0.00479,0.543311,0.491184,-0.014601,0.573537,0.490037,-0.021703,0.454365,0.470645,-0.007144,0.501914,0.458616,-0.016763,0.534394,0.455331,-0.025782,0.563598,0.451405,-0.031491,0.439908,0.444997,-0.018104,0.478111,0.436646,-0.027315,0.504426,0.43393,-0.032173,0.529622,0.430308,-0.035268
thank_you,Right,0.353615,0.558809,0.0,0.394695,0.598001,-0.001788,0.434015,0.587636,0.00059,0.460077,0.573393,0.00064,0.484116,0.565439,0.000214,0.46158,0.520564,0.010547,0.503395,0.518909,0.00189,0.530745,0.521482,-0.007086,0.555971,0.522964,-0.013713,0.461659,0.494245,0.003144,0.509415,0.488404,-0.004693,0.543255,0.48699,-0.014438,0.573103,0.48622,-0.021614,0.454319,0.468914,-0.006656,0.501747,0.456095,-0.016166,0.534759,0.451543,-0.025503,0.564402,0.44669,-0.031581,0.439689,0.444951,-0.016925,0.477968,0.435706,-0.026709,0.504915,0.432186,-0.032274,0.530963,0.427992,-0.035919
thank_you,Right,0.357364,0.556718,0.0,0.397074,0.597552,-0.002682,0.434484,0.587225,-0.000969,0.459134,0.569453,-0.001466,0.482976,0.561993,-0.002574,0.462252,0.518521,0.009644,0.50354,0.516321,0.000977,0.530556,0.518268,-0.007919,0.555809,0.519835,-0.014383,0.462807,0.491793,0.002628,0.510827,0.485605,-0.004655,0.544717,0.484187,-0.013947,0.574206,0.484773,-0.02063,0.455567,0.465623,-0.006823,0.504105,0.451922,-0.015912,0.536772,0.446684,-0.024779,0.566223,0.443437,-0.030288,0.440122,0.439791,-0.016825,0.479527,0.428211,-0.026217,0.506363,0.423959,-0.031196,0.532296,0.421212,-0.034167
thank_you,Right,0.355671,0.552464,0.0,0.395089,0.59339,-0.002765,0.434352,0.583472,-0.000168,0.460244,0.56656,0.000343,0.483887,0.558414,0.000474,0.460278,0.513503,0.010288,0.502376,0.51289,0.002147,0.529961,0.515629,-0.006184,0.55527,0.517778,-0.012168,0.460933,0.486436,0.003787,0.508812,0.481503,-0.002974,0.543314,0.480739,-0.011809,0.572915,0.481191,-0.018226,0.454208,0.460065,-0.005201,0.50171,0.446787,-0.013935,0.534126,0.442156,-0.022643,0.562656,0.438627,-0.028036,0.439653,0.434176,-0.014744,0.478222,0.422617,-0.023854,0.505167,0.418533,-0.028867,0.530837,0.415662,-0.031941
thank_you,Right,0.35318,0.547306,0.0,0.39691,0.588385,-0.001368,0.434565,0.578483,0.000488,0.459264,0.565224,-0.000374,0.483446,0.557714,-0.001754,0.45922,0.507251,0.011391,0.50144,0.507283,0.00172,0.529351,0.510546,-0.008084,0.555478,0.512151,-0.015136,0.459547,0.48021,0.003353,0.507801,0.476984,-0.005252,0.542617,0.477196,-0.015537,0.573299,0.477435,-0.022975,0.452576,0.453777,-0.00714,0.499522,0.440692,-0.017053,0.532495,0.43697,-0.026198,0.561909,0.433028,-0.031959,0.438297,0.428287,-0.018136,0.476084,0.417743,-0.027582,0.502595,0.413791,-0.032332,0.527919,0.408927,-0.035287
thank_you,Right,0.351035,0.546912,0.0,0.397888,0.58688,0.000913,0.436871,0.573718,0.004871,0.461264,0.558501,0.005686,0.4838,0.550184,0.00577,0.457209,0.503315,0.015513,0.498458,0.499007,0.007135,0.525822,0.501386,-0.002013,0.551235,0.503666,-0.008537,0.457111,0.474599,0.006557,0.505945,0.466911,-0.00069,0.541251,0.465166,-0.010485,0.571973,0.465609,-0.017544,0.450024,0.447325,-0.004888,0.498218,0.432933,-0.013688,0.531217,0.430585,-0.022682,0.560415,0.42928,-0.028349,0.435699,0.421149,-0.016714,0.475343,0.406765,-0.025352,0.502609,0.403357,-0.029883,0.52834,0.401318,-0.032757
thank_you,Right,0.350415,0.536755,0.0,0.394606,0.575383,-0.001633,0.434179,0.565464,0.00188,0.459091,0.545404,0.003044,0.482049,0.533434,0.003665,0.457208,0.489701,0.012774,0.499387,0.482669,0.004872,0.52644,0.482088,-0.003413,0.551178,0.481848,-0.009232,0.456092,0.460555,0.005659,0.503957,0.44886,-0.00113,0.537372,0.444402,-0.010176,0.566728,0.443381,-0.016638,0.44804,0.433443,-0.004005,0.495067,0.416149,-0.012809,0.526596,0.411076,-0.021326,0.554955,0.408511,-0.02652,0.432277,0.407078,-0.014168,0.471083,0.389942,-0.023305,0.497843,0.38455,-0.027961,0.523869,0.3819,-0.030684
thank_you,Right,0.344116,0.519774,0.0,0.388763,0.559258,-0.002477,0.429494,0.550307,0.00088,0.454665,0.531438,0.001974,0.476118,0.514673,0.002383,0.453844,0.477677,0.012221,0.496587,0.462483,0.004224,0.524793,0.456723,-0.004416,0.550242,0.452452,-0.010564,0.451322,0.445954,0.005537,0.499556,0.429249,-0.001952,0.534772,0.421255,-0.01207,0.565623,0.417097,-0.019099,0.441827,0.416653,-0.003681,0.489057,0.397218,-0.013218,0.522003,0.389197,-0.023144,0.551731,0.383329,-0.02911,0.42506,0.388402,-0.013426,0.464511,0.372553,-0.023448,0.491766,0.365646,-0.029277,0.518088,0.360155,-0.032667
thank_you,Right,0.344042,0.500387,0.0,0.384587,0.532817,-0.006811,0.428232,0.516774,-0.005887,0.454662,0.495331,-0.006456,0.478434,0.476731,-0.00747,0.45034,0.441632,0.005232,0.492948,0.422637,-0.005679,0.522885,0.414673,-0.016053,0.54879,0.409025,-0.023245,0.447368,0.411842,-0.000313,0.494926,0.390086,-0.010384,0.531833,0.378723,-0.021626,0.563169,0.373616,-0.029465,0.437805,0.385344,-0.008645,0.485469,0.360368,-0.020511,0.520749,0.349565,-0.03141,0.550323,0.34369,-0.037928,0.420373,0.361819,-0.017769,0.458246,0.339636,-0.029213,0.486984,0.327491,-0.035903,0.512068,0.319475,-0.039982
thank_you,Right,0.336242,0.47317,0.0,0.380915,0.502751,-0.00442,0.426084,0.480764,-0.002877,0.45253,0.450953,-0.00318,0.473803,0.429066,-0.004023,0.448728,0.400454,0.006981,0.493061,0.371924,-0.002608,0.523016,0.355378,-0.012076,0.548746,0.339859,-0.018853,0.445266,0.371749,0.00044,0.494513,0.342587,-0.008452,0.529778,0.328067,-0.018763,0.558334,0.317199,-0.026108,0.434939,0.34598,-0.008571,0.484405,0.315565,-0.019364,0.516541,0.304642,-0.028923,0.542027,0.295643,-0.03469,0.416794,0.325027,-0.018234,0.457509,0.3013,-0.028609,0.485576,0.289111,-0.034166,0.509502,0.278111,-0.037622
thank_you,Right,0.321995,0.44124,0.0,0.368325,0.466419,-0.004603,0.419833,0.437679,-0.000799,0.450602,0.411356,0.000153,0.476009,0.386682,0.000712,0.439279,0.351044,0.017532,0.479421,0.31873,0.007735,0.510251,0.296389,-0.003783,0.536573,0.276315,-0.012686,0.433126,0.323268,0.009637,0.47819,0.287387,-0.001335,0.513787,0.266189,-0.015519,0.544612,0.248376,-0.025469,0.421691,0.300457,-0.001664,0.469335,0.262418,-0.016089,0.503376,0.24793,-0.027685,0.53172,0.234829,-0.033911,0.404427,0.284336,-0.014047,0.447247,0.255168,-0.027398,0.477954,0.240636,-0.034606,0.503541,0.230735,-0.038752
thank_you,Right,0.293448,0.425308,0.0,0.367616,0.437683,0.01726,0.420346,0.397556,0.026206,0.450185,0.364951,0.026591,0.474118,0.335626,0.025065,0.442257,0.313044,0.036167,0.49238,0.265557,0.029214,0.524292,0.239857,0.018483,0.554074,0.21314,0.009334,0.433083,0.284259,0.014194,0.492269,0.22858,0.006362,0.53019,0.204571,-0.006453,0.559684,0.181221,-0.016835,0.416509,0.256737,-0.010169,0.479026,0.19703,-0.02347,0.513761,0.190614,-0.035384,0.539107,0.18414,-0.043591,0.394876,0.234507,-0.033846,0.445926,0.211839,-0.047198,0.46975,0.232787,-0.052657,0.485537,0.254845,-0.056762
thank_you,Right,0.276289,0.38771,0.0,0.355574,0.407724,0.0116,0.413175,0.362695,0.015756,0.44369,0.318898,0.01164,0.474236,0.284995,0.006188,0.435325,0.255333,0.030278,0.488564,0.20752,0.018296,0.523589,0.182078,0.003439,0.557194,0.154452,-0.009286,0.424134,0.2269,0.007437,0.486475,0.171779,-0.005753,0.530034,0.146324,-0.022773,0.567209,0.11784,-0.03637,0.404778,0.20126,-0.018586,0.470085,0.144617,-0.035587,0.510362,0.130193,-0.049055,0.544356,0.109145,-0.058408,0.37789,0.184971,-0.044605,0.433583,0.159204,-0.06091,0.470047,0.155686,-0.069248,0.499518,0.145639,-0.075626
thank_you,Right,0.279408,0.377217,0.0,0.349394,0.381482,0.003334,0.402942,0.31647,0.003576,0.430705,0.264869,-0.001892,0.463031,0.222546,-0.008415,0.422006,0.191444,0.013469,0.471859,0.1416,-0.005509,0.512475,0.117097,-0.023139,0.547171,0.101652,-0.036391,0.407481,0.164013,-0.00548,0.465689,0.103561,-0.024795,0.514971,0.076057,-0.042827,0.555475,0.058249,-0.055897,0.383639,0.15219,-0.027838,0.443243,0.088166,-0.050511,0.491067,0.069757,-0.065967,0.531532,0.057851,-0.075755,0.352666,0.1583,-0.050359,0.401375,0.12598,-0.072484,0.441238,0.116969,-0.083747,0.476108,0.111762,-0.091251
thank_you,Right,0.25959,0.356551,0.0,0.3394,0.357182,-0.003827,0.402567,0.279836,-0.006525,0.432485,0.214727,-0.013563,0.459334,0.169773,-0.021471,0.417012,0.154366,0.00126,0.471423,0.097788,-0.021538,0.51337,0.065067,-0.040695,0.54963,0.042283,-0.05545,0.397756,0.125967,-0.016113,0.461266,0.063483,-0.040545,0.511735,0.037524,-0.060863,0.555666,0.018924,-0.075246,0.367818,0.115143,-0.036716,0.428357,0.05882,-0.064676,0.473796,0.052857,-0.081086,0.513732,0.049919,-0.090752,0.331049,0.122743,-0.057897,0.376441,0.091929,-0.083243,0.414819,0.094826,-0.095013,0.448468,0.103172,-0.102611
thank_you,Right,0.22667,0.356634,0.0,0.324397,0.344562,0.015633,0.392166,0.251924,0.02504,0.427775,0.176904,0.027478,0.458143,0.133627,0.030795,0.370869,0.077423,0.032635,0.432793,0.036533,0.021842,0.480649,0.019306,0.012299,0.519668,0.011135,0.004329,0.35253,0.051291,0.011347,0.431593,0.011362,-0.008907,0.487068,0.003204,-0.020976,0.534802,-0.002131,-0.026749,0.332751,0.060018,-0.01225,0.414593,0.026182,-0.038226,0.465367,0.029477,-0.045263,0.509714,0.026658,-0.044532,0.312342,0.099102,-0.034988,0.384593,0.076781,-0.054505,0.430757,0.074286,-0.05849,0.469598,0.072935,-0.058355
thank_you,Right,0.221912,0.403717,0.0,0.324609,0.364762,0.028862,0.378782,0.254595,0.036858,0.413406,0.183419,0.033608,0.448475,0.131498,0.030326,0.333561,0.049028,0.039379,0.414837,0.025454,0.022235,0.472373,0.005881,0.005948,0.517671,-0.009665,-0.006796,0.319232,0.03914,0.006685,0.423056,0.010735,-0.0154,0.485617,-0.003772,-0.031138,0.538759,-0.017885,-0.040258,0.311016,0.064029,-0.027603,0.415322,0.028948,-0.048273,0.475561,0.013711,-0.052395,0.526636,-0.012631,-0.052476,0.308869,0.119573,-0.060943,0.389666,0.070509,-0.076119,0.440074,0.035543,-0.077214,0.48369,0.000892,-0.076125
thank_you,Right,0.181352,0.498798,1e-06,0.307037,0.427031,0.01218,0.37118,0.301759,0.007578,0.415475,0.215773,-0.005892,0.452013,0.149149,-0.018969,0.302995,0.075449,0.002885,0.414722,0.053672,-0.026457,0.482582,0.034557,-0.049527,0.536818,0.009855,-0.067149,0.288976,0.098072,-0.026279,0.421696,0.065551,-0.057286,0.495917,0.050835,-0.076805,0.558761,0.027201,-0.089632,0.283812,0.162058,-0.057326,0.413068,0.120491,-0.08647,0.486582,0.097535,-0.098701,0.543498,0.070829,-0.105428,0.285915,0.255534,-0.088475,0.373263,0.211388,-0.1103,0.428407,0.177619,-0.118212,0.473521,0.149907,-0.123034
thank_you,Right,0.149987,0.690655,1e-06,0.196125,0.548821,-0.016151,0.267039,0.415667,-0.04955,0.331591,0.338878,-0.080286,0.38985,0.28782,-0.113691,0.259989,0.368423,-0.114816,0.392991,0.351804,-0.171732,0.48076,0.368634,-0.20043,0.546124,0.387238,-0.215308,0.250354,0.467447,-0.133128,0.403437,0.454425,-0.189774,0.504554,0.465301,-0.213385,0.577713,0.470145,-0.226724,0.247334,0.592897,-0.147446,0.395957,0.578479,-0.192492,0.492628,0.577573,-0.207155,0.564788,0.565187,-0.2144,0.251527,0.722179,-0.160413,0.365398,0.713621,-0.194914,0.436476,0.698719,-0.204075,0.492461,0.677824,-0.207843
thank_you,Right,0.149361,0.730303,1e-06,0.192287,0.579831,-0.014398,0.260938,0.443781,-0.046746,0.327872,0.368249,-0.076439,0.390673,0.325057,-0.109483,0.262201,0.411711,-0.117416,0.397772,0.393825,-0.174234,0.481618,0.406469,-0.202044,0.548197,0.424116,-0.217073,0.256618,0.515262,-0.136821,0.411858,0.502673,-0.194528,0.512697,0.510336,-0.218304,0.588369,0.517089,-0.232317,0.255468,0.643057,-0.151914,0.405483,0.627789,-0.199388,0.500168,0.623347,-0.215063,0.571657,0.608712,-0.223219,0.258772,0.770581,-0.165346,0.375111,0.75537,-0.202558,0.445768,0.740903,-0.21321,0.502983,0.726286,-0.218249
thank_you,Right,0.160873,0.737121,1e-06,0.203458,0.591104,-0.025708,0.265857,0.45765,-0.070847,0.330084,0.380942,-0.109128,0.396513,0.35088,-0.152118,0.262437,0.426621,-0.163315,0.393593,0.413556,-0.23565,0.480296,0.426623,-0.271823,0.548845,0.449867,-0.292048,0.25563,0.535354,-0.179349,0.410972,0.521469,-0.257969,0.51611,0.531539,-0.291762,0.593511,0.540609,-0.311416,0.254875,0.667346,-0.188958,0.402621,0.648256,-0.25332,0.502034,0.644448,-0.277902,0.575739,0.632049,-0.290877,0.260067,0.793883,-0.195978,0.372018,0.782836,-0.247508,0.446403,0.768243,-0.267674,0.507716,0.755175,-0.278924
thank_you,Right,0.158357,0.750412,1e-06,0.197976,0.600865,-0.021167,0.260867,0.467176,-0.062569,0.32681,0.393028,-0.098,0.394665,0.359135,-0.138245,0.257929,0.439005,-0.153505,0.387843,0.4206,-0.222371,0.475453,0.433651,-0.257355,0.545981,0.454943,-0.276618,0.249609,0.545415,-0.170234,0.407499,0.52948,-0.242642,0.512713,0.539148,-0.274606,0.589858,0.547543,-0.293178,0.248995,0.679538,-0.18034,0.40235,0.658721,-0.239789,0.50176,0.655606,-0.262717,0.574419,0.64184,-0.274764,0.255608,0.807106,-0.187519,0.369749,0.795198,-0.235226,0.442675,0.783543,-0.252513,0.502219,0.770119,-0.261572
thank_you,Right,0.150879,0.759224,1e-06,0.195561,0.609497,-0.019852,0.260266,0.470643,-0.059313,0.32226,0.392716,-0.094496,0.387891,0.353604,-0.133544,0.255088,0.441123,-0.140638,0.389189,0.421085,-0.205105,0.474144,0.433679,-0.237544,0.542926,0.453466,-0.25566,0.245769,0.545577,-0.159065,0.402247,0.530657,-0.226247,0.507572,0.542524,-0.255564,0.587215,0.553832,-0.273318,0.243961,0.675238,-0.172074,0.396435,0.658068,-0.226617,0.49539,0.655736,-0.246846,0.568929,0.643332,-0.257978,0.249655,0.799882,-0.183112,0.365526,0.78502,-0.225837,0.439134,0.772761,-0.240713,0.498975,0.759325,-0.24899
thank_you,Right,0.148949,0.746686,1e-06,0.192122,0.597835,-0.021831,0.258443,0.456659,-0.06257,0.326852,0.377525,-0.098249,0.393035,0.348965,-0.137988,0.253012,0.421772,-0.147474,0.388681,0.408449,-0.215095,0.474975,0.422954,-0.248411,0.542651,0.446755,-0.266926,0.245742,0.530909,-0.16537,0.400644,0.517174,-0.238141,0.505991,0.525777,-0.268771,0.584498,0.533242,-0.286889,0.244068,0.662924,-0.177744,0.394629,0.641982,-0.237569,0.492091,0.637272,-0.259158,0.565058,0.622609,-0.270588,0.24885,0.789264,-0.187884,0.36186,0.774788,-0.235758,0.435503,0.756076,-0.253605,0.496541,0.736882,-0.263397
thank_you,Right,0.149393,0.734245,1e-06,0.193079,0.585669,-0.021609,0.257509,0.444007,-0.062959,0.324556,0.366057,-0.098945,0.390055,0.336036,-0.138724,0.250412,0.408774,-0.149659,0.385635,0.394655,-0.217057,0.471918,0.405969,-0.249834,0.540983,0.424731,-0.268106,0.238846,0.517011,-0.16755,0.399259,0.502818,-0.24155,0.504525,0.512264,-0.27141,0.582562,0.520294,-0.28813,0.23554,0.649822,-0.179529,0.390153,0.625702,-0.239186,0.489572,0.620996,-0.25885,0.562549,0.605817,-0.268303,0.241101,0.774999,-0.189277,0.358049,0.758248,-0.235148,0.433896,0.741057,-0.250801,0.495701,0.723337,-0.258967
thank_you,Right,0.153177,0.714563,1e-06,0.198337,0.570043,-0.028329,0.262402,0.437922,-0.074798,0.326861,0.363396,-0.114088,0.388073,0.329099,-0.157845,0.248968,0.394132,-0.164607,0.377734,0.384584,-0.23822,0.465782,0.396539,-0.275911,0.535458,0.418746,-0.297087,0.237993,0.505051,-0.180544,0.392179,0.488658,-0.261512,0.49875,0.498009,-0.296063,0.577715,0.508276,-0.315742,0.235637,0.639304,-0.190318,0.386276,0.616009,-0.256569,0.486779,0.608186,-0.279708,0.561521,0.592908,-0.291005,0.240992,0.765198,-0.197886,0.354694,0.752511,-0.248752,0.428974,0.734625,-0.266666,0.48927,0.716613,-0.276188
thank_you,Right,0.151201,0.719431,1e-06,0.195021,0.570378,-0.019465,0.258232,0.433704,-0.061187,0.323651,0.358684,-0.098134,0.390665,0.322462,-0.139022,0.252798,0.390788,-0.150314,0.387815,0.382947,-0.21797,0.473071,0.396586,-0.249923,0.540298,0.417026,-0.267476,0.241132,0.493473,-0.170017,0.399028,0.482924,-0.244363,0.502062,0.493103,-0.273482,0.577386,0.500223,-0.289723,0.237368,0.622903,-0.183787,0.389941,0.60182,-0.244175,0.487221,0.598813,-0.264087,0.558406,0.582538,-0.274034,0.241948,0.747644,-0.195129,0.356017,0.735152,-0.243464,0.429319,0.717962,-0.260652,0.488065,0.69796,-0.269764
thank_you,Right,0.158282,0.70566,1e-06,0.202243,0.571685,-0.01454,0.26816,0.438623,-0.046192,0.332826,0.36253,-0.0761,0.397122,0.317927,-0.108805,0.263383,0.38665,-0.107195,0.38726,0.356979,-0.162063,0.46838,0.364345,-0.188769,0.532562,0.379168,-0.203377,0.253026,0.472791,-0.127483,0.401905,0.449166,-0.18454,0.499467,0.454961,-0.207809,0.572111,0.462998,-0.220307,0.246995,0.590275,-0.144405,0.393776,0.568307,-0.192477,0.486108,0.569431,-0.207738,0.555583,0.560202,-0.214538,0.247118,0.713278,-0.159852,0.357193,0.700616,-0.198444,0.427835,0.688912,-0.209922,0.48515,0.674138,-0.214751
thank_you,Right,0.185028,0.667929,1e-06,0.234086,0.547989,-0.001335,0.307203,0.445283,-0.021883,0.380122,0.404621,-0.043999,0.437448,0.395319,-0.066785,0.293527,0.351194,-0.063475,0.407541,0.320494,-0.104942,0.478521,0.329346,-0.126653,0.53136,0.343497,-0.138153,0.282147,0.415793,-0.085823,0.417778,0.390723,-0.126574,0.502384,0.394472,-0.143758,0.564271,0.399006,-0.152568,0.276804,0.511951,-0.106121,0.411768,0.489584,-0.138347,0.491517,0.489736,-0.147484,0.550836,0.484536,-0.151012,0.275797,0.621372,-0.12546,0.37624,0.606677,-0.149214,0.437917,0.598161,-0.153288,0.487595,0.587936,-0.153372
thank_you,Right,0.215172,0.66318,1e-06,0.315066,0.6238,0.005931,0.377668,0.539654,-0.002352,0.426745,0.48925,-0.017203,0.467402,0.459509,-0.030878,0.334787,0.332734,-0.004541,0.426419,0.304426,-0.038847,0.48893,0.321091,-0.063925,0.539348,0.345289,-0.079648,0.3235,0.348355,-0.02774,0.438461,0.327235,-0.060901,0.508901,0.343524,-0.081327,0.563094,0.364223,-0.092933,0.316749,0.404919,-0.053109,0.426724,0.387812,-0.082421,0.494517,0.398902,-0.095565,0.545187,0.410864,-0.101526,0.313303,0.487442,-0.078585,0.386504,0.47633,-0.098587,0.434836,0.473955,-0.104524,0.472772,0.475205,-0.106904
thank_you,Right,0.261752,0.605958,0.0,0.355451,0.586467,0.018936,0.414795,0.502699,0.021864,0.450849,0.440455,0.015652,0.473032,0.400625,0.009972,0.391836,0.342386,0.020537,0.466026,0.309712,0.002559,0.515898,0.31801,-0.011706,0.557151,0.326694,-0.022043,0.375875,0.327738,-0.004359,0.463692,0.29363,-0.02237,0.519297,0.323388,-0.032729,0.562582,0.351414,-0.040211,0.359646,0.340908,-0.031015,0.445354,0.313106,-0.049907,0.481256,0.358862,-0.052239,0.503396,0.396879,-0.05259,0.346011,0.377666,-0.057532,0.40521,0.353455,-0.072369,0.4446,0.366744,-0.07579,0.475553,0.380677,-0.078169
thank_you,Right,0.28467,0.596324,0.0,0.369442,0.59348,0.002046,0.433284,0.534265,0.006136,0.47321,0.48274,0.004637,0.495641,0.434336,0.002385,0.450929,0.43718,0.02684,0.505305,0.389495,0.012823,0.536097,0.379388,-0.002276,0.561756,0.375897,-0.013276,0.436818,0.407338,0.012373,0.497556,0.355271,-0.000781,0.535015,0.347449,-0.014707,0.565436,0.347867,-0.025226,0.41391,0.385602,-0.006595,0.473591,0.329549,-0.022213,0.51202,0.32536,-0.033157,0.543898,0.331723,-0.040695,0.383237,0.368643,-0.026643,0.425907,0.318827,-0.039791,0.461683,0.306544,-0.046782,0.496139,0.305476,-0.052733
thank_you,Right,0.323155,0.561016,0.0,0.386962,0.58292,-0.002,0.440236,0.543758,0.000847,0.474293,0.508746,-7.4e-05,0.505146,0.475859,-0.001206,0.460766,0.450513,0.020794,0.506084,0.427055,0.007947,0.535763,0.430397,-0.005922,0.562918,0.436997,-0.015647,0.452787,0.416683,0.010945,0.504128,0.388777,0.000922,0.538643,0.388253,-0.010814,0.57109,0.394992,-0.019629,0.437243,0.388219,-0.003198,0.488835,0.352473,-0.015412,0.525071,0.350827,-0.024445,0.558054,0.3568,-0.030218,0.413606,0.36335,-0.01844,0.454976,0.326889,-0.029432,0.487791,0.317173,-0.034625,0.519338,0.314833,-0.038295
thank_you,Right,0.341752,0.560194,0.0,0.400357,0.584468,0.000266,0.447292,0.555981,0.003902,0.478882,0.529141,0.003309,0.50763,0.507389,0.002543,0.466289,0.475733,0.025587,0.507624,0.462075,0.015605,0.534962,0.465222,0.003463,0.559617,0.470532,-0.005002,0.461315,0.44363,0.01585,0.510526,0.420275,0.007995,0.542692,0.420802,-0.002619,0.571256,0.427264,-0.010741,0.450072,0.413553,0.002068,0.49944,0.384549,-0.008167,0.531912,0.385792,-0.016632,0.559525,0.393643,-0.02221,0.43264,0.385338,-0.012699,0.47096,0.355242,-0.021401,0.50089,0.351905,-0.025655,0.529242,0.356094,-0.028999
thank_you,Right,0.364427,0.551544,0.0,0.411363,0.588313,-0.003382,0.452577,0.571285,-0.000716,0.480292,0.548379,-0.000668,0.506229,0.531205,-0.000925,0.465718,0.497168,0.017619,0.502352,0.486868,0.007246,0.528204,0.494023,-0.004355,0.551635,0.503725,-0.012098,0.46456,0.465485,0.011138,0.509886,0.454402,0.002929,0.5418,0.458476,-0.008106,0.570322,0.468587,-0.015989,0.458025,0.434033,0.001102,0.503792,0.417512,-0.008949,0.537283,0.422311,-0.018556,0.56687,0.432833,-0.024448,0.445694,0.403115,-0.009811,0.48391,0.385952,-0.018595,0.51251,0.389922,-0.023597,0.538895,0.400953,-0.026937
thank_you,Right,0.370946,0.548667,0.0,0.41291,0.591929,-0.003567,0.453252,0.58157,-0.001506,0.479613,0.562808,-0.001468,0.504152,0.548796,-0.001795,0.465072,0.512511,0.012052,0.504004,0.506468,0.002199,0.530094,0.514815,-0.007651,0.55409,0.524065,-0.014085,0.46562,0.481487,0.00635,0.51118,0.478547,-0.001349,0.543445,0.485206,-0.010803,0.5717,0.495813,-0.017494,0.461341,0.449935,-0.0023,0.507836,0.443938,-0.011318,0.541002,0.451235,-0.019934,0.569348,0.461985,-0.02509,0.451851,0.419277,-0.011667,0.491192,0.410307,-0.019504,0.518697,0.418667,-0.023905,0.542877,0.431805,-0.026736
thank_you,Right,0.372721,0.558826,0.0,0.417882,0.603522,-0.000761,0.457899,0.597247,0.002107,0.483489,0.583307,0.002216,0.50769,0.575899,0.002053,0.469266,0.528923,0.017065,0.506529,0.527425,0.007547,0.53145,0.539717,-0.00288,0.554465,0.55295,-0.009648,0.470184,0.499701,0.009786,0.515497,0.502329,0.002532,0.547314,0.512808,-0.00724,0.574842,0.52608,-0.014113,0.466767,0.468759,-0.000485,0.512932,0.468551,-0.009153,0.545689,0.481114,-0.017406,0.573263,0.495247,-0.022214,0.458706,0.438512,-0.01136,0.498191,0.437669,-0.018407,0.525664,0.450685,-0.021912,0.54943,0.466719,-0.024095
thank_you,Right,0.372356,0.562305,0.0,0.416947,0.613146,0.002267,0.454699,0.605782,0.006393,0.482294,0.591567,0.006998,0.509193,0.587681,0.007134,0.470463,0.537586,0.02335,0.508181,0.541549,0.015858,0.533221,0.554425,0.006429,0.556611,0.567446,-0.000135,0.473109,0.512015,0.014199,0.519084,0.518876,0.008814,0.551228,0.529436,-0.000355,0.579214,0.542207,-0.007264,0.471188,0.483186,0.001979,0.518853,0.485871,-0.005433,0.55047,0.499304,-0.013021,0.577447,0.513589,-0.017855,0.464221,0.453617,-0.010635,0.503748,0.45471,-0.016846,0.528865,0.4706,-0.019467,0.55145,0.489055,-0.021363
thank_you,Right,0.372224,0.570961,0.0,0.417042,0.619468,0.000635,0.455758,0.6115,0.004383,0.482074,0.596992,0.004913,0.509494,0.592308,0.005307,0.471206,0.541725,0.022739,0.508635,0.543718,0.015283,0.533963,0.554204,0.005823,0.558014,0.564147,-0.000771,0.473214,0.517243,0.014304,0.51851,0.521927,0.008964,0.551283,0.530233,-0.000402,0.58076,0.540062,-0.00743,0.470888,0.489223,0.002644,0.517518,0.491513,-0.004741,0.549419,0.503839,-0.012379,0.577138,0.515877,-0.017095,0.464324,0.460974,-0.009631,0.504179,0.463022,-0.015773,0.530509,0.478641,-0.01847,0.553777,0.495951,-0.020294
thank_you,Right,0.373603,0.572104,0.0,0.420007,0.619346,0.00353,0.455658,0.609557,0.009164,0.481472,0.594886,0.011063,0.507123,0.589985,0.012672,0.468372,0.539867,0.027907,0.506674,0.542446,0.023093,0.531093,0.550887,0.015101,0.554448,0.558635,0.009234,0.470717,0.516358,0.018678,0.516738,0.519664,0.015343,0.548918,0.524101,0.006455,0.577325,0.531363,-0.000556,0.468931,0.488659,0.006362,0.515339,0.491047,0.000611,0.546857,0.502348,-0.006955,0.574646,0.513581,-0.012125,0.462904,0.460311,-0.006362,0.503348,0.46073,-0.011466,0.529473,0.474702,-0.013897,0.553113,0.491249,-0.015877
thank_you,Right,0.378283,0.56657,0.0,0.419376,0.616449,-0.003046,0.456766,0.610332,-0.000184,0.483123,0.594863,0.000357,0.509496,0.589629,0.000863,0.46802,0.542457,0.017705,0.506254,0.540821,0.009938,0.531807,0.54594,0.001253,0.555622,0.550788,-0.004781,0.470024,0.515086,0.011562,0.515398,0.516217,0.004933,0.547902,0.518889,-0.004643,0.576653,0.524258,-0.011472,0.467752,0.486046,0.002226,0.513598,0.48512,-0.006464,0.545601,0.49189,-0.014929,0.573755,0.499889,-0.019924,0.460958,0.457204,-0.007835,0.499468,0.455646,-0.015155,0.52574,0.466421,-0.018882,0.54933,0.479967,-0.021295
thank_you,Right,0.378553,0.567458,0.0,0.418991,0.617287,-0.003678,0.456254,0.614787,-0.00139,0.483091,0.601676,-0.001266,0.509268,0.595637,-0.001224,0.468434,0.544506,0.015223,0.507465,0.541562,0.006764,0.533424,0.546186,-0.001972,0.557452,0.551521,-0.007994,0.470562,0.516045,0.00929,0.515983,0.514787,0.001701,0.548469,0.517548,-0.008125,0.577355,0.523597,-0.014935,0.467866,0.486818,0.000301,0.514683,0.483035,-0.009336,0.546942,0.487185,-0.018078,0.575005,0.49358,-0.022926,0.460475,0.45779,-0.009335,0.49956,0.455001,-0.017613,0.525993,0.464316,-0.021864,0.549453,0.476616,-0.024314
thank_you,Right,0.379192,0.566641,0.0,0.421063,0.618621,-0.001806,0.458137,0.615639,0.001559,0.485136,0.602804,0.002416,0.511188,0.59663,0.003183,0.469581,0.547361,0.018767,0.508043,0.543758,0.01173,0.533948,0.546065,0.003522,0.557854,0.548938,-0.002317,0.472122,0.517843,0.012239,0.517353,0.516232,0.005964,0.549722,0.51794,-0.003494,0.578237,0.522752,-0.010112,0.46955,0.487388,0.00273,0.51588,0.48325,-0.005642,0.547858,0.486822,-0.014071,0.575891,0.492362,-0.018934,0.461916,0.457693,-0.007327,0.500236,0.455356,-0.014579,0.526384,0.46399,-0.018281,0.550169,0.474883,-0.020472
thank_you,Right,0.379158,0.568717,0.0,0.419605,0.620275,-0.000937,0.456626,0.616875,0.003414,0.483822,0.603425,0.005291,0.509515,0.599767,0.007157,0.470468,0.549952,0.020596,0.508618,0.547133,0.0147,0.534578,0.54994,0.007325,0.558479,0.553989,0.001966,0.473123,0.52005,0.014298,0.518196,0.518246,0.009101,0.550218,0.520333,0.000316,0.5779,0.526614,-0.00598,0.470708,0.489118,0.005032,0.517026,0.483347,-0.002591,0.549494,0.485577,-0.01115,0.57744,0.490647,-0.016268,0.463275,0.459318,-0.004687,0.501503,0.456806,-0.011561,0.52765,0.463892,-0.015618,0.551591,0.473767,-0.018194
thank_you,Right,0.377984,0.56937,0.0,0.415985,0.615276,-0.006972,0.453812,0.617664,-0.006425,0.48087,0.606328,-0.007136,0.507711,0.600453,-0.007791,0.472692,0.53879,0.009307,0.5123,0.537416,-0.000256,0.538751,0.543596,-0.009528,0.562774,0.549823,-0.015687,0.474153,0.508191,0.004811,0.519644,0.5068,-0.003008,0.552286,0.510814,-0.012506,0.581215,0.518213,-0.019258,0.47031,0.477808,-0.002844,0.515946,0.471714,-0.012321,0.548456,0.473752,-0.021185,0.576648,0.479016,-0.026497,0.461242,0.448395,-0.011478,0.499026,0.441784,-0.020177,0.526512,0.445442,-0.024982,0.550914,0.453068,-0.027924
thank_you,Right,0.381962,0.555777,0.0,0.417228,0.593387,-0.006844,0.456411,0.593013,-0.00591,0.483818,0.586371,-0.006641,0.509532,0.582013,-0.007753,0.478239,0.504678,0.012235,0.51696,0.499353,0.002072,0.54933,0.501047,-0.009156,0.576762,0.501927,-0.016878,0.477645,0.476743,0.006988,0.52264,0.472978,-0.001848,0.558095,0.474655,-0.013609,0.590241,0.477838,-0.021688,0.47203,0.449888,-0.00134,0.517055,0.442474,-0.012156,0.550754,0.444183,-0.021926,0.580066,0.445866,-0.027312,0.45984,0.423964,-0.01075,0.498413,0.415162,-0.020233,0.525656,0.416759,-0.024884,0.549319,0.421713,-0.027262
thank_you,Right,0.368748,0.543816,0.0,0.409342,0.575096,-0.004789,0.451069,0.562673,-0.002789,0.478633,0.550936,-0.003196,0.506797,0.542774,-0.003589,0.468249,0.460797,0.01813,0.5066,0.434698,0.009295,0.537645,0.43002,-0.000609,0.562898,0.429085,-0.00737,0.4651,0.436904,0.011119,0.509154,0.412653,0.003251,0.543798,0.410252,-0.007587,0.572054,0.411763,-0.01505,0.457863,0.414916,0.000312,0.503039,0.388941,-0.010391,0.537111,0.386221,-0.020045,0.563495,0.38704,-0.025319,0.445912,0.396898,-0.011659,0.484574,0.373159,-0.021227,0.513631,0.368332,-0.026574,0.537209,0.369325,-0.029666
thank_you,Right,0.333632,0.49514,0.0,0.385026,0.510412,-0.001998,0.435936,0.475158,0.001584,0.467536,0.452015,0.001805,0.494036,0.427664,0.001218,0.450687,0.376592,0.016135,0.491437,0.338934,0.004323,0.523939,0.326804,-0.00794,0.552406,0.319509,-0.017131,0.44437,0.355351,0.006547,0.490543,0.31821,-0.005404,0.526759,0.307676,-0.019172,0.559794,0.303429,-0.029,0.432451,0.338659,-0.006352,0.481276,0.301674,-0.02156,0.517354,0.293603,-0.033555,0.548569,0.289739,-0.040299,0.414356,0.329195,-0.020023,0.457405,0.300278,-0.034564,0.489697,0.28706,-0.04307,0.518382,0.279312,-0.048375
thank_you,Right,0.320308,0.474494,0.0,0.376271,0.488446,-0.00077,0.426788,0.439588,0.001313,0.458226,0.408253,-0.000402,0.486613,0.386408,-0.003524,0.437198,0.331224,0.005438,0.482019,0.29021,-0.012459,0.522894,0.269479,-0.028049,0.55951,0.256504,-0.039905,0.429981,0.314523,-0.007627,0.483795,0.269898,-0.027832,0.530206,0.249373,-0.046566,0.574768,0.236725,-0.059071,0.416389,0.308637,-0.022686,0.472159,0.263123,-0.04595,0.514725,0.244421,-0.061492,0.553682,0.230721,-0.069359,0.396378,0.315953,-0.037868,0.442397,0.281587,-0.059048,0.478386,0.261204,-0.07006,0.511013,0.24877,-0.076089
thank_you,Right,0.300932,0.476123,0.0,0.372858,0.474736,0.008722,0.423021,0.406962,0.012891,0.453179,0.362668,0.010782,0.479416,0.339294,0.007705,0.418546,0.276834,0.01949,0.468222,0.235636,0.003508,0.5093,0.221446,-0.011878,0.544201,0.212964,-0.023939,0.409148,0.261663,0.000962,0.470779,0.211445,-0.016472,0.519757,0.197863,-0.033634,0.563288,0.186419,-0.045768,0.396832,0.266016,-0.020139,0.461376,0.215278,-0.04034,0.509949,0.206395,-0.056242,0.551139,0.199936,-0.065855,0.382551,0.290826,-0.040984,0.43092,0.25625,-0.059761,0.469021,0.241039,-0.071549,0.502788,0.22983,-0.079788
thank_you,Right,0.280594,0.474028,0.0,0.369858,0.454276,0.022718,0.41389,0.384231,0.027486,0.442747,0.334992,0.022615,0.470151,0.299016,0.016415,0.392358,0.220905,0.024155,0.454294,0.206601,0.006042,0.499921,0.199884,-0.010929,0.539882,0.192123,-0.024836,0.381379,0.213981,-0.00423,0.46186,0.19005,-0.026229,0.515797,0.177861,-0.045199,0.565414,0.160145,-0.058693,0.371783,0.238223,-0.033575,0.451566,0.209313,-0.057495,0.500347,0.195879,-0.071102,0.543549,0.175081,-0.079285,0.363973,0.287969,-0.061593,0.420804,0.26192,-0.082088,0.460229,0.24245,-0.091623,0.497125,0.222633,-0.098172
thank_you,Right,0.258558,0.459805,1e-06,0.354874,0.422269,0.019473,0.401343,0.351192,0.017961,0.433625,0.301966,0.007666,0.455756,0.261393,-0.00313,0.374464,0.174283,0.010032,0.453068,0.160202,-0.012124,0.500627,0.159138,-0.029235,0.541123,0.157689,-0.041626,0.362452,0.184935,-0.017574,0.459015,0.163523,-0.043424,0.515848,0.161902,-0.059689,0.561961,0.158748,-0.069377,0.353987,0.22841,-0.04594,0.447774,0.206394,-0.070506,0.503462,0.195546,-0.082514,0.547689,0.178461,-0.088542,0.349651,0.300055,-0.073024,0.418614,0.28538,-0.090759,0.461541,0.268291,-0.097255,0.496852,0.245531,-0.10109
thank_you,Right,0.238397,0.48348,1e-06,0.341533,0.443301,0.016453,0.395824,0.368596,0.015912,0.435883,0.319673,0.007653,0.467119,0.280409,-0.000496,0.357238,0.174937,0.005915,0.437512,0.151843,-0.019643,0.489121,0.14649,-0.039049,0.530715,0.141686,-0.052723,0.344525,0.191125,-0.020291,0.446514,0.162762,-0.049242,0.507737,0.159328,-0.068031,0.557318,0.155299,-0.079343,0.337096,0.243642,-0.047404,0.433722,0.212503,-0.075126,0.493719,0.201831,-0.089324,0.541073,0.189519,-0.096181,0.334019,0.323132,-0.073371,0.402659,0.29977,-0.093996,0.448778,0.280782,-0.102187,0.486862,0.26208,-0.106648
thank_you,Right,0.225536,0.493869,1e-06,0.306445,0.442902,0.017032,0.366286,0.363125,0.012814,0.414538,0.318355,0.001109,0.454709,0.279858,-0.01113,0.333137,0.203554,-0.012215,0.417331,0.14783,-0.042494,0.477229,0.135694,-0.061666,0.523598,0.132933,-0.073538,0.32484,0.223556,-0.040056,0.428713,0.174248,-0.072075,0.49759,0.171253,-0.08927,0.549102,0.171399,-0.098871,0.321469,0.278852,-0.067509,0.422162,0.235514,-0.094557,0.485656,0.226359,-0.106199,0.53174,0.219326,-0.111466,0.321328,0.361779,-0.09356,0.395865,0.330881,-0.113133,0.444263,0.309806,-0.119833,0.481166,0.291215,-0.12304
thank_you,Right,0.213692,0.505564,0.0,0.260821,0.396193,0.017731,0.315297,0.293029,0.0105,0.364252,0.241232,-0.002737,0.40586,0.201944,-0.017203,0.317045,0.207792,-0.026989,0.40886,0.148603,-0.058754,0.468739,0.138129,-0.07595,0.515879,0.136497,-0.085624,0.312168,0.24109,-0.054321,0.425084,0.190653,-0.085488,0.495476,0.182147,-0.100155,0.548751,0.177951,-0.108092,0.309182,0.307036,-0.079697,0.419583,0.260667,-0.105298,0.485035,0.252367,-0.115502,0.533389,0.242389,-0.120455,0.307847,0.39434,-0.10288,0.386924,0.369272,-0.1235,0.436046,0.34907,-0.129994,0.475155,0.328481,-0.132619
thank_you,Right,0.207259,0.508405,1e-06,0.240454,0.391333,0.009196,0.292898,0.277796,-0.002992,0.340093,0.214856,-0.019082,0.382841,0.180783,-0.03631,0.303776,0.2133,-0.041837,0.396736,0.150547,-0.076168,0.459025,0.143613,-0.092724,0.506603,0.150778,-0.100762,0.299375,0.25797,-0.0653,0.416641,0.206455,-0.098592,0.490604,0.202697,-0.111543,0.544725,0.208633,-0.117278,0.297685,0.334258,-0.087052,0.412814,0.284759,-0.114673,0.481055,0.275826,-0.124487,0.530413,0.270736,-0.128214,0.297535,0.431057,-0.10699,0.384167,0.40303,-0.128755,0.43686,0.387455,-0.135176,0.479741,0.373482,-0.137045
thank_you,Right,0.192769,0.542559,1e-06,0.229387,0.419098,0.005818,0.286732,0.30362,-0.008093,0.342698,0.253518,-0.025053,0.391768,0.236319,-0.042458,0.292354,0.227391,-0.045919,0.3897,0.164639,-0.081186,0.454543,0.155183,-0.099463,0.50421,0.159438,-0.109522,0.28833,0.278487,-0.068229,0.407962,0.230882,-0.101321,0.484676,0.229702,-0.114962,0.540402,0.239261,-0.122361,0.288463,0.362341,-0.089084,0.409218,0.316759,-0.116939,0.479619,0.306186,-0.127037,0.531492,0.299648,-0.132152,0.291923,0.466913,-0.10851,0.378718,0.448992,-0.13164,0.431106,0.43194,-0.139173,0.474836,0.41492,-0.142444
thank_you,Right,0.173729,0.568095,1e-06,0.217039,0.437347,0.001472,0.277716,0.321449,-0.015916,0.337923,0.274617,-0.036359,0.390378,0.264639,-0.056946,0.279814,0.247286,-0.051603,0.381961,0.182668,-0.091286,0.449051,0.176771,-0.112724,0.502132,0.18251,-0.124096,0.275644,0.308738,-0.073692,0.398645,0.259367,-0.110142,0.477306,0.256596,-0.125052,0.534479,0.265784,-0.133026,0.276966,0.401837,-0.094863,0.397041,0.361197,-0.124576,0.470623,0.349572,-0.133997,0.524313,0.343058,-0.138216,0.282599,0.51253,-0.115361,0.373814,0.494421,-0.137216,0.42959,0.479478,-0.142437,0.475898,0.46704,-0.144172
thank_you,Right,0.170336,0.584053,1e-06,0.211569,0.458258,-0.011892,0.273548,0.337126,-0.037881,0.334793,0.269031,-0.062635,0.390164,0.230542,-0.089056,0.264819,0.275876,-0.084825,0.368261,0.224072,-0.134609,0.439992,0.214641,-0.161568,0.49658,0.216259,-0.176133,0.263414,0.351086,-0.102224,0.38928,0.309827,-0.150579,0.473452,0.307115,-0.171745,0.536894,0.309423,-0.183339,0.265492,0.453992,-0.117644,0.390784,0.422074,-0.158239,0.467868,0.410387,-0.172261,0.525774,0.395169,-0.178372,0.27064,0.567311,-0.132054,0.368204,0.549742,-0.163199,0.428321,0.532804,-0.172511,0.477412,0.514085,-0.176104
thank_you,Right,0.164755,0.615393,1e-06,0.200996,0.483437,-0.016979,0.260519,0.356648,-0.048821,0.315641,0.275893,-0.077486,0.362813,0.207888,-0.10881,0.253427,0.310175,-0.110285,0.367536,0.273287,-0.166163,0.443577,0.269323,-0.195564,0.502504,0.272655,-0.211446,0.250346,0.397979,-0.126722,0.384991,0.36601,-0.18444,0.475819,0.364775,-0.208694,0.54262,0.365725,-0.221798,0.253742,0.510415,-0.139699,0.386834,0.479318,-0.186582,0.468702,0.470154,-0.200497,0.530541,0.456501,-0.206395,0.262527,0.626551,-0.151453,0.362745,0.610307,-0.186625,0.424743,0.591575,-0.195832,0.475581,0.571797,-0.199351
thank_you,Right,0.153573,0.658828,1e-06,0.194027,0.521662,-0.013943,0.259408,0.393266,-0.042765,0.319315,0.310924,-0.068674,0.358364,0.22915,-0.096801,0.250802,0.33876,-0.105077,0.36871,0.307483,-0.157698,0.443719,0.31003,-0.184599,0.501363,0.318883,-0.198914,0.246091,0.435716,-0.121632,0.384568,0.405503,-0.175223,0.475773,0.409128,-0.196861,0.542643,0.415486,-0.208938,0.249015,0.553478,-0.134667,0.385984,0.526177,-0.177819,0.469773,0.517585,-0.190418,0.53284,0.506981,-0.196,0.259069,0.670858,-0.146469,0.363754,0.652058,-0.177815,0.427163,0.63464,-0.185857,0.480305,0.619681,-0.189181
thank_you,Right,0.156485,0.674991,1e-06,0.193394,0.536066,-0.022906,0.257115,0.410525,-0.062047,0.315711,0.32848,-0.095326,0.352854,0.245476,-0.132448,0.249451,0.364631,-0.138555,0.363872,0.340358,-0.202739,0.441721,0.34114,-0.237008,0.50318,0.347621,-0.256175,0.246876,0.464375,-0.152559,0.385517,0.446814,-0.218882,0.478664,0.450039,-0.246841,0.547387,0.453753,-0.263362,0.249727,0.584222,-0.161684,0.385713,0.56531,-0.21434,0.472265,0.555246,-0.231518,0.537371,0.544977,-0.240377,0.258947,0.701695,-0.16924,0.36177,0.685881,-0.208056,0.427433,0.667091,-0.220535,0.482926,0.654138,-0.227398
thank_you,Right,0.153233,0.69078,1e-06,0.191381,0.553298,-0.015889,0.256776,0.426573,-0.048977,0.313907,0.341962,-0.077395,0.347987,0.252498,-0.109281,0.248209,0.380188,-0.125018,0.360508,0.349117,-0.184807,0.43951,0.35111,-0.217486,0.502262,0.358367,-0.235607,0.244587,0.479808,-0.140377,0.383671,0.455862,-0.200941,0.480023,0.45969,-0.228513,0.552025,0.461734,-0.245491,0.247689,0.598607,-0.150481,0.386072,0.579315,-0.199064,0.47451,0.570006,-0.217645,0.540882,0.559089,-0.227572,0.257337,0.715499,-0.158388,0.364616,0.699768,-0.193767,0.429287,0.680999,-0.205833,0.483371,0.666546,-0.212604
thank_you,Right,0.153999,0.704652,1e-06,0.192222,0.558068,-0.01363,0.256397,0.426967,-0.046402,0.312834,0.336852,-0.074685,0.352445,0.241726,-0.106115,0.250673,0.386652,-0.12567,0.362294,0.355804,-0.185751,0.43957,0.354876,-0.21689,0.500394,0.359786,-0.233623,0.248301,0.48582,-0.141871,0.388256,0.46205,-0.204769,0.483573,0.464488,-0.232019,0.554044,0.463714,-0.24815,0.252482,0.603627,-0.152297,0.390288,0.582554,-0.203501,0.478623,0.573177,-0.221194,0.545694,0.55807,-0.229691,0.261938,0.720019,-0.160007,0.370211,0.702975,-0.196638,0.433492,0.683886,-0.207441,0.485184,0.665384,-0.212759
thank_you,Right,0.153947,0.700407,1e-06,0.193063,0.555783,-0.011996,0.256664,0.425751,-0.043309,0.312883,0.335156,-0.070468,0.350248,0.240925,-0.100716,0.251716,0.383437,-0.120967,0.364623,0.351575,-0.17928,0.441501,0.348924,-0.209777,0.501493,0.352026,-0.225941,0.250516,0.482056,-0.136864,0.389573,0.455964,-0.195891,0.484445,0.458533,-0.221058,0.554198,0.45858,-0.236078,0.255427,0.598402,-0.147179,0.392837,0.576326,-0.194563,0.479972,0.56708,-0.210375,0.545797,0.553435,-0.218054,0.264991,0.713189,-0.154917,0.372682,0.695672,-0.188266,0.435213,0.676755,-0.19708,0.486464,0.658955,-0.201119
thank_you,Right,0.151075,0.690849,1e-06,0.192923,0.551063,-0.013237,0.257094,0.415981,-0.04185,0.31213,0.323635,-0.067783,0.349695,0.235717,-0.096121,0.249334,0.370234,-0.104536,0.366777,0.327269,-0.157568,0.44237,0.325795,-0.184365,0.502146,0.332068,-0.198566,0.247872,0.464378,-0.121301,0.38876,0.434192,-0.173671,0.480186,0.43598,-0.195052,0.546752,0.441047,-0.207461,0.252986,0.580436,-0.134594,0.391726,0.553691,-0.176944,0.477122,0.541194,-0.190843,0.540729,0.527063,-0.197847,0.263805,0.69715,-0.146536,0.368233,0.676263,-0.178244,0.431636,0.6578,-0.187611,0.484761,0.640766,-0.192214
thank_you,Right,0.156282,0.665145,1e-06,0.192561,0.525502,-0.011571,0.252548,0.397551,-0.040208,0.307667,0.314826,-0.065952,0.349611,0.235666,-0.09445,0.251495,0.349133,-0.108967,0.363831,0.306171,-0.164468,0.438695,0.298494,-0.193881,0.49696,0.296046,-0.210063,0.24986,0.441443,-0.126666,0.385163,0.406049,-0.182857,0.475878,0.403372,-0.207168,0.54332,0.400545,-0.221458,0.254458,0.555777,-0.140263,0.388343,0.524351,-0.186271,0.471209,0.511925,-0.202639,0.53503,0.4966,-0.210912,0.264091,0.67318,-0.15192,0.366462,0.654046,-0.187468,0.428846,0.634452,-0.199095,0.482302,0.616648,-0.204766
thank_you,Right,0.156228,0.652537,1e-06,0.192158,0.512795,-0.010328,0.25128,0.382811,-0.037895,0.30678,0.302336,-0.063087,0.354416,0.23674,-0.090744,0.244769,0.332026,-0.100363,0.356156,0.283186,-0.150962,0.429529,0.265055,-0.176275,0.487093,0.256015,-0.189575,0.243885,0.416849,-0.118361,0.382508,0.373493,-0.169671,0.471827,0.366877,-0.1903,0.536929,0.363235,-0.201192,0.24928,0.527925,-0.132384,0.386774,0.490473,-0.174556,0.47054,0.476647,-0.18712,0.533136,0.459114,-0.192178,0.258958,0.644387,-0.144535,0.364716,0.619333,-0.175396,0.426362,0.598699,-0.181999,0.475709,0.578462,-0.183759
thank_you,Right,0.166466,0.628736,1e-06,0.199019,0.487991,-0.002721,0.257273,0.363414,-0.024222,0.318683,0.295573,-0.045493,0.372267,0.252271,-0.068635,0.248711,0.306977,-0.081876,0.35772,0.247301,-0.126832,0.427072,0.229665,-0.148515,0.48196,0.220189,-0.160134,0.249288,0.388904,-0.102246,0.381453,0.339229,-0.147978,0.465404,0.329516,-0.165899,0.527072,0.324729,-0.175648,0.256308,0.493596,-0.119426,0.386437,0.453502,-0.158011,0.465133,0.433615,-0.171324,0.523177,0.410086,-0.177552,0.268767,0.603793,-0.134553,0.368017,0.576088,-0.164731,0.425827,0.552131,-0.173793,0.472825,0.525493,-0.177582
thank_you,Right,0.175071,0.604702,1e-06,0.211652,0.470965,-0.000612,0.264784,0.349455,-0.01927,0.321502,0.291029,-0.04009,0.372934,0.267992,-0.061097,0.264987,0.275965,-0.056204,0.367715,0.206304,-0.09433,0.43344,0.19237,-0.114073,0.484671,0.187033,-0.124507,0.264942,0.342854,-0.076633,0.390098,0.285254,-0.112003,0.469059,0.277512,-0.12457,0.52573,0.280926,-0.131022,0.271086,0.436628,-0.095943,0.39248,0.384551,-0.124488,0.464045,0.366808,-0.13126,0.515289,0.355166,-0.133713,0.281873,0.544756,-0.114674,0.374477,0.515123,-0.135301,0.430475,0.495847,-0.138753,0.475819,0.480538,-0.139195
thank_you,Right,0.206823,0.567087,1e-06,0.236582,0.449494,0.005915,0.287105,0.338926,-0.008294,0.340715,0.291374,-0.025916,0.389351,0.277741,-0.043387,0.288962,0.265215,-0.043129,0.386218,0.192359,-0.075374,0.447366,0.184826,-0.090627,0.49399,0.189511,-0.097693,0.287616,0.312757,-0.063647,0.406863,0.255165,-0.092266,0.479377,0.255509,-0.100966,0.529766,0.269248,-0.104422,0.292102,0.390718,-0.082862,0.409241,0.338181,-0.104,0.474972,0.330769,-0.107597,0.520504,0.330751,-0.108467,0.30076,0.48604,-0.10132,0.387223,0.456038,-0.116277,0.438171,0.442821,-0.117637,0.478403,0.432189,-0.116758
thank_you,Right,0.232934,0.54597,1e-06,0.272196,0.433442,0.010733,0.324557,0.340357,0.000709,0.377383,0.301386,-0.014299,0.421794,0.285451,-0.029066,0.321789,0.264738,-0.025229,0.415718,0.210292,-0.054188,0.474019,0.209106,-0.068481,0.517749,0.219179,-0.074913,0.319909,0.299504,-0.047119,0.428698,0.245901,-0.07461,0.495251,0.244765,-0.084081,0.54271,0.253269,-0.087498,0.321557,0.360325,-0.068235,0.427444,0.31092,-0.089657,0.489776,0.30813,-0.094101,0.534307,0.310522,-0.09458,0.325203,0.440709,-0.088359,0.405168,0.40961,-0.101962,0.452318,0.396379,-0.102727,0.488541,0.38597,-0.101412
thank_you,Right,0.257503,0.540189,0.0,0.350893,0.515501,0.026006,0.399746,0.451566,0.029006,0.438083,0.421504,0.022182,0.464231,0.410625,0.015603,0.367046,0.282465,0.02021,0.446566,0.257397,0.000484,0.496471,0.261358,-0.014699,0.539496,0.271528,-0.024931,0.357741,0.286437,-0.008081,0.457855,0.259322,-0.030901,0.514598,0.27004,-0.044146,0.557276,0.287048,-0.050629,0.353717,0.324842,-0.036762,0.448497,0.298668,-0.054837,0.504543,0.304862,-0.062011,0.545371,0.310279,-0.064329,0.353913,0.389345,-0.06425,0.423428,0.368806,-0.072823,0.466876,0.35902,-0.073626,0.500125,0.348265,-0.073697
thank_you,Right,0.282069,0.51781,0.0,0.36622,0.524409,0.026216,0.411282,0.470004,0.033763,0.439109,0.440729,0.031265,0.460003,0.428363,0.027724,0.406585,0.320862,0.029744,0.468583,0.309003,0.013098,0.514,0.313328,-0.002249,0.552911,0.325021,-0.013951,0.396198,0.311561,0.001194,0.477123,0.29676,-0.019983,0.529613,0.307362,-0.037793,0.575463,0.322774,-0.048911,0.386849,0.330145,-0.02821,0.467004,0.31133,-0.049152,0.516994,0.321456,-0.062834,0.559759,0.330998,-0.069984,0.379771,0.374506,-0.056114,0.438849,0.361486,-0.071756,0.478303,0.354291,-0.079374,0.513718,0.348543,-0.084272
thank_you,Right,0.329968,0.517376,0.0,0.39038,0.541714,0.01259,0.436159,0.494002,0.023028,0.461854,0.455677,0.027195,0.481721,0.435377,0.030585,0.434683,0.402991,0.034152,0.470257,0.372751,0.027834,0.502594,0.368978,0.018815,0.530664,0.371316,0.011433,0.428566,0.384326,0.018752,0.471865,0.354292,0.00994,0.508807,0.354529,-0.001391,0.542896,0.362561,-0.008751,0.419073,0.374509,0.000895,0.467603,0.341098,-0.013515,0.505613,0.34242,-0.02363,0.538168,0.349034,-0.027525,0.407216,0.377596,-0.016465,0.454654,0.359765,-0.029251,0.489284,0.35675,-0.03567,0.518742,0.359401,-0.038677
thank_you,Right,0.342618,0.546574,0.0,0.393446,0.567109,0.00463,0.439753,0.530472,0.010277,0.466861,0.499209,0.011208,0.489982,0.477513,0.010956,0.45788,0.463018,0.022298,0.499463,0.44313,0.012671,0.531085,0.441147,0.001942,0.559195,0.440222,-0.006359,0.453855,0.442027,0.009396,0.501375,0.425356,-0.001178,0.538188,0.425593,-0.013922,0.571699,0.427554,-0.022967,0.443849,0.422099,-0.0064,0.493167,0.40431,-0.020156,0.529773,0.410514,-0.031334,0.562259,0.415932,-0.037859,0.42705,0.405249,-0.022353,0.46912,0.38701,-0.035306,0.500772,0.385158,-0.042439,0.529959,0.386271,-0.047114
thank_you,Right,0.365516,0.562606,0.0,0.412573,0.589365,0.003971,0.448982,0.563264,0.009329,0.470727,0.53956,0.01042,0.492422,0.522503,0.010794,0.462825,0.494467,0.027449,0.498981,0.485068,0.020226,0.528105,0.488389,0.009919,0.553176,0.491167,0.002596,0.460731,0.473402,0.01713,0.502508,0.468,0.010964,0.535729,0.470136,-0.000276,0.566495,0.473928,-0.008297,0.455315,0.449921,0.003813,0.498121,0.443384,-0.004372,0.531093,0.448908,-0.01282,0.560846,0.454049,-0.017703,0.444339,0.427008,-0.009981,0.483547,0.415899,-0.016926,0.511958,0.418956,-0.019936,0.537484,0.426514,-0.021659
thank_you,Right,0.377219,0.579149,0.0,0.414896,0.60849,0.000386,0.453064,0.58778,0.004228,0.475961,0.568167,0.005273,0.496354,0.554693,0.005688,0.473719,0.521853,0.017215,0.509818,0.521983,0.007849,0.536868,0.535941,-0.002996,0.560324,0.548942,-0.010082,0.473446,0.500029,0.009055,0.517108,0.498718,0.002089,0.549622,0.505948,-0.008187,0.579369,0.514772,-0.015553,0.467923,0.476315,-0.001951,0.512746,0.473686,-0.010978,0.546978,0.481122,-0.020496,0.577192,0.488903,-0.026322,0.455993,0.452518,-0.013427,0.495471,0.448844,-0.021643,0.523901,0.455847,-0.02599,0.549564,0.465729,-0.028776
thank_you,Right,0.375735,0.5946,0.0,0.416021,0.629874,0.003552,0.453151,0.613612,0.008959,0.476429,0.59749,0.010963,0.496374,0.587859,0.012368,0.473884,0.550008,0.020781,0.511005,0.554139,0.013857,0.536275,0.567449,0.004972,0.559183,0.579964,-0.001251,0.474995,0.525844,0.011394,0.520678,0.529186,0.006268,0.553059,0.538142,-0.002678,0.58235,0.548941,-0.009451,0.470859,0.500025,-0.000598,0.517299,0.498546,-0.008397,0.550906,0.507489,-0.01748,0.58004,0.517331,-0.023324,0.460794,0.474556,-0.01279,0.500606,0.472737,-0.020658,0.528307,0.48014,-0.025286,0.553315,0.490352,-0.028494
thank_you,Right,0.376428,0.597909,0.0,0.419103,0.636048,0.007156,0.457058,0.620712,0.013772,0.480249,0.606569,0.015929,0.501273,0.600986,0.017457,0.475536,0.557791,0.026371,0.51233,0.564216,0.020528,0.536985,0.578305,0.01191,0.559653,0.590586,0.005722,0.477266,0.535675,0.014745,0.522618,0.541737,0.011005,0.55449,0.551672,0.002403,0.582532,0.561542,-0.004328,0.473573,0.510654,0.000478,0.520486,0.513561,-0.005454,0.553092,0.525872,-0.013663,0.581142,0.536528,-0.019378,0.464222,0.485701,-0.013898,0.504331,0.486835,-0.019698,0.531092,0.497349,-0.023078,0.554879,0.509445,-0.025776
thank_you,Right,0.37875,0.589628,0.0,0.417631,0.633841,0.001291,0.45454,0.623452,0.005406,0.478739,0.608775,0.006583,0.501438,0.603151,0.007231,0.470425,0.560826,0.016751,0.509195,0.562634,0.008695,0.53566,0.573167,0.000111,0.559392,0.582528,-0.00562,0.471799,0.53599,0.008554,0.518259,0.53961,0.00204,0.551435,0.546205,-0.006977,0.580711,0.554375,-0.01335,0.468727,0.50885,-0.002179,0.515924,0.51019,-0.010607,0.54887,0.518625,-0.018976,0.57716,0.527564,-0.023901,0.460774,0.481386,-0.013184,0.500944,0.482584,-0.020795,0.527986,0.49336,-0.024813,0.551862,0.506615,-0.027296
thank_you,Right,0.377826,0.586406,0.0,0.417927,0.633864,0.000257,0.453381,0.624364,0.004258,0.478296,0.607642,0.005507,0.501395,0.602749,0.006514,0.468709,0.560107,0.019265,0.507839,0.562642,0.012421,0.534299,0.57041,0.004275,0.558563,0.577183,-0.001389,0.470624,0.534583,0.012073,0.516588,0.537135,0.006667,0.549316,0.54089,-0.002276,0.578154,0.546309,-0.008759,0.468064,0.506821,0.002146,0.514402,0.508179,-0.005226,0.547042,0.514226,-0.013419,0.575727,0.52002,-0.018372,0.460735,0.478841,-0.008191,0.499981,0.482183,-0.014674,0.526393,0.492653,-0.018166,0.550588,0.504263,-0.020361
thank_you,Right,0.375552,0.584965,0.0,0.420008,0.635097,0.005017,0.456591,0.622751,0.011766,0.481527,0.605082,0.014717,0.503328,0.598741,0.017087,0.470053,0.564144,0.026931,0.507822,0.563891,0.022637,0.533402,0.568904,0.015418,0.557414,0.574444,0.00993,0.472244,0.537147,0.017784,0.517471,0.538978,0.014242,0.549436,0.543262,0.005568,0.577407,0.550046,-0.000945,0.470218,0.507704,0.006026,0.516865,0.507164,4.7e-05,0.549195,0.514131,-0.008403,0.577169,0.521464,-0.013847,0.462994,0.478031,-0.005769,0.50183,0.478506,-0.011011,0.52748,0.487552,-0.014209,0.551148,0.498286,-0.016603
thank_you,Right,0.378598,0.582275,0.0,0.420567,0.629659,0.001772,0.456938,0.619433,0.006822,0.481622,0.602399,0.008651,0.504267,0.596846,0.009892,0.47211,0.559332,0.022215,0.508936,0.55856,0.015784,0.534321,0.564259,0.0075,0.55819,0.569983,0.001541,0.474438,0.533453,0.014018,0.51865,0.535077,0.008552,0.550874,0.53731,-0.0009,0.579163,0.542019,-0.007688,0.47212,0.504868,0.003024,0.51775,0.503955,-0.004794,0.550141,0.509645,-0.013647,0.578257,0.516326,-0.018901,0.464263,0.475329,-0.008257,0.503315,0.475134,-0.014908,0.529117,0.48455,-0.018559,0.552485,0.496881,-0.020931
thank_you,Right,0.373463,0.578228,0.0,0.420645,0.626012,0.005295,0.457964,0.613837,0.011175,0.483072,0.597269,0.012924,0.504909,0.591324,0.013954,0.469534,0.558397,0.024426,0.507258,0.557392,0.018188,0.532402,0.562883,0.009853,0.556619,0.569018,0.003721,0.471119,0.531036,0.014195,0.516844,0.533215,0.008462,0.549752,0.536682,-0.001172,0.579068,0.542684,-0.008239,0.468558,0.501166,0.001408,0.515618,0.502545,-0.006463,0.54867,0.509501,-0.015598,0.577588,0.516929,-0.021353,0.460781,0.470242,-0.011399,0.500107,0.470151,-0.01788,0.526648,0.478967,-0.021651,0.550967,0.48967,-0.024426
thank_you,Right,0.377926,0.572358,0.0,0.41859,0.621312,0.000114,0.453269,0.616528,0.00389,0.478742,0.603086,0.004832,0.502064,0.597565,0.005363,0.46962,0.549681,0.01931,0.507867,0.551086,0.01237,0.533003,0.558548,0.003842,0.556394,0.566477,-0.002185,0.471889,0.521185,0.012267,0.517126,0.521471,0.006419,0.549205,0.524798,-0.00325,0.577527,0.531363,-0.010205,0.469318,0.491494,0.002538,0.514974,0.488369,-0.005508,0.547277,0.491344,-0.014582,0.575654,0.496323,-0.020132,0.461044,0.461703,-0.007502,0.498017,0.459477,-0.014706,0.52345,0.466091,-0.018624,0.547348,0.475289,-0.021106
thank_you,Right,0.374928,0.564997,0.0,0.41396,0.610222,-0.002477,0.449718,0.607266,-0.000914,0.474312,0.596119,-0.001355,0.496635,0.590346,-0.002159,0.465661,0.53796,0.010532,0.504348,0.538807,0.001002,0.529499,0.548326,-0.008325,0.552233,0.558424,-0.014447,0.467512,0.507866,0.004409,0.513173,0.506971,-0.003462,0.544939,0.512588,-0.012461,0.572875,0.520852,-0.018818,0.464509,0.476984,-0.00428,0.511302,0.472055,-0.013499,0.543767,0.477026,-0.021797,0.571652,0.483905,-0.026768,0.456085,0.446385,-0.013442,0.494148,0.442535,-0.021553,0.520642,0.45048,-0.025714,0.54426,0.461015,-0.028309
thank_you,Right,0.376215,0.560037,0.0,0.414579,0.6,-0.004567,0.450142,0.592047,-0.003571,0.473126,0.577674,-0.004418,0.495277,0.569275,-0.005587,0.464944,0.517265,0.009885,0.501271,0.512298,0.000266,0.527373,0.517371,-0.009409,0.550957,0.522608,-0.01593,0.465338,0.485976,0.004355,0.508929,0.480357,-0.003734,0.540753,0.483235,-0.013187,0.569947,0.489242,-0.019725,0.460665,0.454728,-0.003985,0.505136,0.44366,-0.013611,0.537667,0.444399,-0.022255,0.566267,0.448357,-0.027315,0.450339,0.424713,-0.013033,0.486427,0.413429,-0.021311,0.513065,0.417031,-0.025638,0.537511,0.425311,-0.028276
thank_you,Right,0.361917,0.540021,0.0,0.407191,0.573599,-0.009116,0.444316,0.563818,-0.011977,0.469317,0.544858,-0.016578,0.493895,0.527925,-0.021313,0.462392,0.48391,0.008538,0.501078,0.473228,-0.005033,0.529114,0.477017,-0.018411,0.554536,0.482428,-0.02729,0.460255,0.453282,0.00315,0.506068,0.44061,-0.008134,0.539332,0.440266,-0.020584,0.570262,0.443768,-0.029235,0.452831,0.422654,-0.005901,0.498238,0.405952,-0.01809,0.531473,0.407697,-0.02739,0.560763,0.41334,-0.03267,0.440163,0.392608,-0.016305,0.47769,0.374599,-0.026103,0.505694,0.377989,-0.030467,0.530142,0.387643,-0.032953
thank_you,Right,0.362079,0.525888,0.0,0.403171,0.54831,-0.000475,0.442294,0.519754,0.004336,0.465371,0.496788,0.006629,0.485349,0.479758,0.00859,0.455047,0.442055,0.019261,0.491949,0.421804,0.012519,0.52068,0.421366,0.003828,0.545184,0.422903,-0.002084,0.45125,0.415146,0.012611,0.495109,0.393351,0.007538,0.527595,0.388724,-0.001803,0.557224,0.388011,-0.008532,0.443553,0.387855,0.003124,0.487651,0.36509,-0.004047,0.521285,0.362711,-0.012691,0.550176,0.363249,-0.017971,0.43122,0.362446,-0.006951,0.469628,0.340912,-0.013576,0.498052,0.338128,-0.017637,0.523057,0.340934,-0.02025
thank_you,Right,0.341572,0.502648,0.0,0.395233,0.520783,0.00687,0.434364,0.478873,0.015324,0.457013,0.44932,0.019253,0.47771,0.430406,0.022556,0.440099,0.393066,0.028493,0.476546,0.366658,0.022085,0.507184,0.363665,0.013017,0.534134,0.362951,0.006445,0.436765,0.370447,0.016613,0.480531,0.342559,0.011584,0.515767,0.335482,0.002417,0.546969,0.333751,-0.004256,0.428039,0.349475,0.001734,0.472169,0.314965,-0.006584,0.507966,0.31054,-0.015154,0.538199,0.311459,-0.020022,0.413744,0.333503,-0.013354,0.45511,0.305943,-0.021212,0.485141,0.303542,-0.025247,0.51062,0.308657,-0.027717
thank_you,Right,0.3303,0.498326,0.0,0.387469,0.494818,0.004083,0.425989,0.443449,0.009065,0.448002,0.405497,0.009509,0.467258,0.382108,0.009428,0.432778,0.366856,0.022999,0.469422,0.334158,0.012679,0.498887,0.320226,0.001577,0.525656,0.308544,-0.006661,0.425567,0.345918,0.010407,0.468996,0.312912,-0.002031,0.502624,0.297311,-0.014911,0.534854,0.285094,-0.023134,0.413085,0.327394,-0.005139,0.458382,0.289993,-0.020842,0.493618,0.280058,-0.031074,0.526073,0.273158,-0.035515,0.394907,0.313032,-0.020889,0.438477,0.278164,-0.033525,0.470343,0.268293,-0.038587,0.499106,0.268151,-0.040851
thank_you,Right,0.308845,0.487031,0.0,0.380228,0.469258,0.009803,0.416367,0.400169,0.013093,0.438941,0.356856,0.009689,0.462302,0.338,0.005707,0.407881,0.294175,0.025894,0.451897,0.250252,0.011415,0.488483,0.237111,-0.003752,0.521674,0.227765,-0.014636,0.400452,0.282638,0.008332,0.454838,0.2376,-0.005988,0.496332,0.225837,-0.020608,0.533825,0.217065,-0.030444,0.391581,0.281854,-0.012101,0.448362,0.232837,-0.028001,0.490201,0.223401,-0.039148,0.524522,0.217167,-0.044779,0.382245,0.294589,-0.032702,0.430829,0.256779,-0.044327,0.4653,0.242771,-0.049669,0.495096,0.234515,-0.052793
thank_you,Right,0.294568,0.472635,0.0,0.373026,0.436305,0.02366,0.405412,0.364438,0.030512,0.425519,0.318705,0.027218,0.445659,0.280554,0.023053,0.381151,0.242769,0.037426,0.425075,0.193424,0.022038,0.466688,0.181985,0.005271,0.503381,0.177129,-0.006927,0.373749,0.23569,0.011209,0.432126,0.182874,-0.004522,0.48119,0.172977,-0.021047,0.522646,0.166449,-0.032707,0.367956,0.246289,-0.017303,0.428531,0.197046,-0.033676,0.476315,0.18802,-0.046369,0.514696,0.181113,-0.054065,0.364032,0.275248,-0.045053,0.413065,0.236264,-0.057915,0.451077,0.221169,-0.065201,0.485066,0.211207,-0.070547
thank_you,Right,0.277005,0.474828,0.0,0.365963,0.411357,0.017987,0.396455,0.318602,0.020992,0.420078,0.25597,0.015623,0.438995,0.214216,0.010911,0.345106,0.170185,0.025483,0.410451,0.136862,0.009095,0.455783,0.12195,-0.006428,0.494028,0.109623,-0.018156,0.334206,0.176579,0.00214,0.419406,0.136043,-0.016611,0.469523,0.126956,-0.030309,0.512833,0.11814,-0.038558,0.333132,0.211842,-0.023083,0.41223,0.169156,-0.041313,0.463617,0.153014,-0.050847,0.505005,0.138777,-0.055471,0.338701,0.269695,-0.047918,0.396519,0.228245,-0.058672,0.434844,0.207073,-0.06234,0.469192,0.191608,-0.06487
thank_you,Right,0.261167,0.468541,0.0,0.347392,0.39926,0.023929,0.380907,0.300298,0.026869,0.407126,0.236542,0.020031,0.431203,0.190175,0.013546,0.323137,0.16463,0.020771,0.376629,0.089206,0.000439,0.424813,0.069327,-0.01497,0.465337,0.064556,-0.0247,0.315307,0.176142,-0.006011,0.39695,0.099616,-0.027168,0.454729,0.087749,-0.0395,0.499105,0.088141,-0.045882,0.317132,0.216592,-0.03412,0.397899,0.151267,-0.05218,0.453943,0.131472,-0.060975,0.496007,0.121584,-0.064666,0.327093,0.28022,-0.06124,0.387639,0.226425,-0.070548,0.428275,0.197347,-0.074024,0.461045,0.175266,-0.076206
thank_you,Right,0.251683,0.445361,0.0,0.317322,0.371414,0.019514,0.356596,0.281133,0.018109,0.393101,0.224445,0.008872,0.424701,0.17763,-0.000708,0.306542,0.157336,-0.004083,0.37265,0.07137,-0.028568,0.422651,0.047557,-0.042498,0.461183,0.041475,-0.050507,0.299068,0.174225,-0.030125,0.382084,0.090657,-0.05835,0.440847,0.072813,-0.070542,0.482565,0.070565,-0.075793,0.301528,0.21954,-0.056085,0.383196,0.150151,-0.080113,0.441661,0.129888,-0.088509,0.483431,0.120786,-0.090909,0.311848,0.28709,-0.080508,0.377176,0.238916,-0.096683,0.419412,0.211271,-0.101116,0.450087,0.189952,-0.10251
thank_you,Right,0.231801,0.457882,1e-06,0.284662,0.376929,0.012263,0.328562,0.284012,0.003763,0.374618,0.233251,-0.01049,0.412255,0.193352,-0.024657,0.279485,0.162768,-0.025491,0.352114,0.064413,-0.055701,0.407936,0.03611,-0.071091,0.450043,0.027634,-0.078727,0.273977,0.186229,-0.049989,0.363273,0.08604,-0.083843,0.430071,0.063113,-0.096205,0.476351,0.057226,-0.100082,0.279766,0.240673,-0.073597,0.370506,0.153396,-0.101165,0.432378,0.13105,-0.106737,0.475511,0.119389,-0.105691,0.293459,0.318599,-0.095953,0.36613,0.259262,-0.113356,0.411773,0.22648,-0.11462,0.44395,0.20196,-0.112373
thank_you,Right,0.21135,0.474188,1e-06,0.246502,0.367521,0.005599,0.290037,0.250747,-0.00717,0.338087,0.189574,-0.023966,0.377308,0.147366,-0.040482,0.25957,0.164423,-0.038641,0.335807,0.055199,-0.073625,0.391336,0.025687,-0.091254,0.43401,0.018258,-0.099647,0.255543,0.202236,-0.060565,0.351677,0.096859,-0.095409,0.419423,0.068183,-0.108369,0.46819,0.057872,-0.113409,0.262246,0.269155,-0.081809,0.360178,0.179354,-0.110675,0.422548,0.151007,-0.118238,0.466915,0.132283,-0.119536,0.276799,0.356146,-0.102114,0.354637,0.298895,-0.122012,0.400982,0.267632,-0.125299,0.435505,0.240861,-0.124898
thank_you,Right,0.1905,0.504289,1e-06,0.218736,0.379741,0.005224,0.261407,0.254327,-0.009163,0.310044,0.189065,-0.027358,0.353007,0.153439,-0.04544,0.245457,0.175715,-0.043328,0.32563,0.069369,-0.079654,0.382058,0.036991,-0.098397,0.426696,0.024589,-0.108276,0.244239,0.223256,-0.065612,0.342331,0.122569,-0.102818,0.411693,0.091927,-0.117526,0.463215,0.0807,-0.124439,0.252111,0.298131,-0.086832,0.349155,0.21165,-0.118331,0.413738,0.179625,-0.127628,0.461965,0.157126,-0.130585,0.266102,0.391163,-0.106829,0.343684,0.338498,-0.129247,0.391978,0.30493,-0.134599,0.431617,0.274603,-0.136143
thank_you,Right,0.179082,0.525165,1e-06,0.204182,0.394757,0.000451,0.248772,0.265485,-0.016051,0.297802,0.199614,-0.035478,0.3414,0.165712,-0.055861,0.236715,0.195815,-0.051195,0.315438,0.093149,-0.090092,0.373781,0.058125,-0.111663,0.422064,0.041086,-0.123765,0.237944,0.251676,-0.072497,0.33743,0.15719,-0.110052,0.408802,0.124024,-0.127836,0.463353,0.108681,-0.138108,0.247473,0.335818,-0.092808,0.346313,0.252354,-0.126583,0.413409,0.216903,-0.140891,0.463648,0.189639,-0.147914,0.2628,0.434923,-0.111851,0.34413,0.384769,-0.138031,0.394463,0.355153,-0.146818,0.435683,0.327991,-0.151075
thank_you,Right,0.173655,0.563521,0.0,0.211693,0.418548,0.00145,0.266396,0.279375,-0.014016,0.324835,0.206379,-0.03273,0.378274,0.170623,-0.051396,0.2445,0.212353,-0.048641,0.326334,0.121686,-0.088361,0.382488,0.093182,-0.110617,0.428973,0.075906,-0.124222,0.241139,0.279513,-0.071698,0.34621,0.201726,-0.110543,0.414606,0.177949,-0.126896,0.468464,0.1652,-0.136796,0.247812,0.374967,-0.094293,0.351823,0.303439,-0.130074,0.418883,0.273541,-0.142055,0.470452,0.247594,-0.147717,0.261549,0.484662,-0.115936,0.344839,0.440761,-0.142826,0.395581,0.414112,-0.150622,0.439962,0.389003,-0.154676
thank_you,Right,0.173454,0.601857,1e-06,0.209686,0.459008,-0.00917,0.266688,0.319111,-0.031566,0.326439,0.244813,-0.054469,0.380394,0.205796,-0.077371,0.245265,0.263894,-0.071711,0.328544,0.183814,-0.118688,0.389098,0.168048,-0.145284,0.439094,0.166226,-0.160943,0.242003,0.346259,-0.091007,0.345919,0.284781,-0.138878,0.41943,0.270333,-0.158999,0.477692,0.264169,-0.170725,0.248149,0.451922,-0.109575,0.352379,0.395332,-0.151105,0.421583,0.375567,-0.162661,0.474922,0.357392,-0.166827,0.26015,0.566512,-0.127767,0.345517,0.522087,-0.157596,0.40036,0.49318,-0.165236,0.448719,0.469226,-0.168407
